id,name,address,created_at,updated_at,phone,image_url,cross_streets,hood,latitude,longitude,yelp_rating,yelp_id,category,neighborhood_id,rated_at,slug
1485,200 Orchard,200 Orchard St,2015-01-12 01:18:02.024648,2015-01-23 16:53:09.506642,2122532235,http://s3-media2.fl.yelpcdn.com/bphoto/WAUXKFiGBnlQvWeB9s7nVg/ms.jpg,,Lower East Side,40.722279926024,-73.987862754543,3.0,200-orchard-new-york,Dance Clubs,3,2015-01-22 22:06:37.476382,200-orchard
1710,Kazuza,107 Ave A,2015-01-12 01:18:03.205318,2015-01-23 16:53:09.667126,2125059300,http://s3-media4.fl.yelpcdn.com/bphoto/vyZLg4JF2RsE2dT5pwJsCQ/ms.jpg,,East Village,40.7260208,-73.9839325,3.5,kazuza-new-york,Hookah Bars,6,,kazuza
1517,Bar On A,170 Ave A,2015-01-12 01:18:02.188589,2015-01-23 16:53:09.534371,2123538231,http://s3-media2.fl.yelpcdn.com/bphoto/bnGq7rwzP94_UYYxqaK3sQ/ms.jpg,,East Village,40.728218,-73.981636,3.5,bar-on-a-new-york,Lounges,6,,bar-on-a
1713,Le Souk Harem,510 Laguardia Pl,2015-01-12 01:18:03.222743,2015-01-23 16:53:09.677038,2127775454,http://s3-media4.fl.yelpcdn.com/bphoto/B-wtK3pAlqGjqNVBxf7QbQ/ms.jpg,,Greenwich Village,40.7277145,-73.9994507,2.5,le-souk-harem-new-york,Dance Clubs,2,,le-souk-harem
1715,Leftfield,87 Ludlow St,2015-01-12 01:18:03.231622,2015-01-23 16:53:09.695895,2126771100,http://s3-media2.fl.yelpcdn.com/bphoto/4t8IGm5QxUmZl-IvUKWRbw/ms.jpg,,Lower East Side,40.718342,-73.98951,3.5,leftfield-new-york,Music Venues,3,,leftfield
1718,Lexicon,226 E 54th St,2015-01-12 01:18:03.244632,2015-01-23 16:53:09.704063,2125057400,http://s3-media4.fl.yelpcdn.com/bphoto/yQ7ezPa-c9UTJYB4FqZe2w/ms.jpg,,Midtown East,40.757626,-73.96785,2.0,lexicon-new-york,Dance Clubs,14,,lexicon
1721,Lilium,W Hotel,2015-01-12 01:18:03.259474,2015-01-23 16:53:09.719815,2123581560,http://s3-media4.fl.yelpcdn.com/bphoto/XnGgnKx9GbNjrPfS_z95Ww/ms.jpg,,East Village,40.7329499227693,-73.9884567260742,2.0,lilium-manhattan,Lounges,6,,lilium
1723,bOb Bar,235 Eldridge St,2015-01-12 01:18:03.267798,2015-01-23 16:53:09.731442,2125291807,http://s3-media1.fl.yelpcdn.com/bphoto/l8ecIUgjSsJsioElKyJXTg/ms.jpg,,Lower East Side,40.7223129,-73.9900055,3.5,bob-bar-new-york,Dance Clubs,3,,bob-bar
1725,Littlefield,622 Degraw St,2015-01-12 01:18:03.276225,2015-01-23 16:53:09.739793,7188553388,http://s3-media3.fl.yelpcdn.com/bphoto/R144HwZlmlq5pYaraXND5w/ms.jpg,,Gowanus,40.679125732352,-73.98350367628,4.0,littlefield-brooklyn,Bars,8,,littlefield
1952,The Well,272 Meserole St,2015-01-12 01:18:04.472562,2015-01-23 16:53:10.244478,3473383612,http://s3-media1.fl.yelpcdn.com/bphoto/djpCoF26IVD0LpR7SzjOyw/ms.jpg,,East Williamsburg,40.7084722,-73.9378744,3.5,the-well-brooklyn,Bars,21,,the-well
1519,Battery Harris,64 Frost St,2015-01-12 01:18:02.199259,2015-01-23 16:53:09.550292,7183848900,http://s3-media3.fl.yelpcdn.com/bphoto/nmCLGnAIRJezHvcjpL5NQw/ms.jpg,,Williamsburg - North Side,40.7176668,-73.9489573,4.0,battery-harris-brooklyn,Bars,7,,battery-harris
1955,Westway,75 Clarkson St,2015-01-12 01:18:04.485579,2015-01-23 16:53:10.259428,2126200101,http://s3-media3.fl.yelpcdn.com/bphoto/Cx56F9bLN2Sx4T5VyFh1ng/ms.jpg,,West Village,40.7298737,-74.0096893,2.5,westway-new-york,Lounges,31,,westway
1773,Nublu,62 Ave C,2015-01-12 01:18:03.510289,2015-01-23 16:53:12.50629,6465465206,http://s3-media1.fl.yelpcdn.com/bphoto/zqZZh_AP6Pn3xMqa7yKADw/ms.jpg,,East Village,40.7224998,-73.9796677,4.0,nublu-new-york,Music Venues,6,,nublu
1522,Bedlam,40 Ave C,2015-01-12 01:18:02.215255,2015-01-23 16:53:09.566313,2122281049,http://s3-media3.fl.yelpcdn.com/bphoto/B0qfdRy1rrCQlLgLDVoymw/ms.jpg,,East Village,40.721779,-73.980194,3.5,bedlam-new-york,Dance Clubs,6,,bedlam
1498,Amnesia NYC,609 W 29th St,2015-01-12 01:18:02.09763,2015-01-23 16:53:09.582333,2126436464,http://s3-media3.fl.yelpcdn.com/bphoto/Ae6tB0D4FV4lGYSnrviKhg/ms.jpg,,Midtown West,40.75317,-74.004929,2.5,amnesia-nyc-new-york,Dance Clubs,1,,amnesia-nyc
1507,Aspen Social,157 W 47th St,2015-01-12 01:18:02.142445,2015-01-23 16:53:09.598278,2122217200,http://s3-media2.fl.yelpcdn.com/bphoto/fbkuMOHoxITN-9Awf_3w7g/ms.jpg,,Theater District,40.758952,-73.983769,3.0,aspen-social-new-york,Dance Clubs,4,,aspen-social
1514,Baby's All Right,146 Broadway,2015-01-12 01:18:02.174599,2015-01-23 16:53:09.60598,7185995800,http://s3-media4.fl.yelpcdn.com/bphoto/6z1zDBJKg1LOTzzhgYpazg/ms.jpg,,South Williamsburg,40.7099838256836,-73.9634780883789,4.0,babys-all-right-brooklyn,Music Venues,5,,baby's-all-right
1524,The Bell House,149 7th St,2015-01-12 01:18:02.229118,2015-01-23 16:53:09.617768,7186436510,http://s3-media4.fl.yelpcdn.com/bphoto/x_yl_bD_2hzhFB8MXCaZEg/ms.jpg,,Gowanus,40.673737,-73.991661,4.0,the-bell-house-brooklyn,Music Venues,8,,the-bell-house
1974,Wythe Hotel,80 Wythe Ave,2015-01-20 19:01:15.703283,2015-01-23 16:53:09.634623,7184608000,http://s3-media4.fl.yelpcdn.com/bphoto/-Dptzp9FK_pAmyd2sZ4Mqw/ms.jpg,,Williamsburg - North Side,40.722084,-73.9578552,3.5,wythe-hotel-new-york,Hotels,7,,wythe-hotel
1526,Best Buy Theater,1515 Broadway,2015-01-12 01:18:02.237715,2015-01-23 16:53:09.645979,2129301950,http://s3-media3.fl.yelpcdn.com/bphoto/p3VpT4DKqjyMUtarKTL0Sg/ms.jpg,,Theater District,40.7579193,-73.9864426,3.5,best-buy-theater-new-york,Music Venues,4,,best-buy-theater
1530,Blue Velvet Lounge,341 Ave U,2015-01-12 01:18:02.261101,2015-01-23 16:53:09.654319,7182665196,http://s3-media3.fl.yelpcdn.com/bphoto/IHrMPTbGzmCOOLJDQV3Btw/ms.jpg,,Gravesend,40.5971948057413,-73.9717492461205,4.5,blue-velvet-lounge-brooklyn,Lounges,9,,blue-velvet-lounge
1788,Palladium New York Restaurant and Lounge,36-14 31st St,2015-01-12 01:18:03.581969,2015-01-23 16:53:12.570251,7186069241,http://s3-media1.fl.yelpcdn.com/bphoto/FHdR5101EvHvPDWZj7_nlQ/ms.jpg,,Long Island City,40.7563629,-73.9301147,2.5,palladium-new-york-restaurant-and-lounge-astoria,Music Venues,27,,palladium-new-york-restaurant-and-lounge
1978,Maraya,87 Orchard St,2015-01-20 19:15:10.189608,2015-01-23 16:53:09.766386,2123343499,http://s3-media2.fl.yelpcdn.com/bphoto/CycquZ5LlsjskpbMIEy8_Q/ms.jpg,,Lower East Side,40.7179418206215,-73.9903845638037,4.5,maraya-new-york,Lounges,3,,maraya
1981,The Top of The Standard,848 Washington St,2015-01-20 19:25:41.177247,2015-01-23 16:53:09.806463,2126454646,http://s3-media4.fl.yelpcdn.com/bphoto/9Qlbtu2L86Kfa9fKgfQSDQ/ms.jpg,,Meatpacking District,40.7406473904848,-74.0077713131905,4.0,the-top-of-the-standard-new-york,Dance Clubs,12,,the-top-of-the-standard
1730,Lot45,411 Troutman St,2015-01-12 01:18:03.296972,2015-01-23 16:53:09.820339,3475059155,http://s3-media2.fl.yelpcdn.com/bphoto/BEmcaeOZumxToNXzYnVAwA/ms.jpg,,Bushwick,40.7070001415615,-73.9226713817306,4.0,lot45-brooklyn,Lounges,10,,lot45
1977,The Blind Barber,339 E 10th St,2015-01-20 19:13:15.891385,2015-01-23 16:53:09.748632,2122282123,http://s3-media3.fl.yelpcdn.com/bphoto/GOlUHY6K2UiHgfX4cMlSdA/ms.jpg,,East Village,40.7271805,-73.9801331,3.5,the-blind-barber-new-york,Lounges,6,,the-blind-barber
1645,Greenhouse,150 Varick St,2015-01-12 01:18:02.819095,2015-01-23 16:53:09.83435,2128077000,http://s3-media4.fl.yelpcdn.com/bphoto/Qtr9IknmEtQ1CqcT_bIj_g/ms.jpg,,South Village,40.726177,-74.005346,2.5,greenhouse-new-york,Dance Clubs,16,,greenhouse
1810,Polar,Hotel Marcel,2015-01-12 01:18:03.69028,2015-01-23 16:53:09.859449,2122927502,http://s3-media4.fl.yelpcdn.com/bphoto/nZipgYiSeXjGF399LYqHpw/ms.jpg,,Kips Bay,40.7394725829363,-73.982472717762,2.5,polar-new-york,Lounges,24,,polar
1736,M1-5 Lounge,52 Walker St,2015-01-12 01:18:03.323886,2015-01-23 16:53:09.873032,2129651701,http://s3-media2.fl.yelpcdn.com/bphoto/6pIz-BqBWwA2DwSjkMBKCA/ms.jpg,,TriBeCa,40.7190545,-74.0034335,3.0,m1-5-lounge-new-york,Dance Clubs,17,,m1-5-lounge
1794,Passion Lounge,196 Union Ave,2015-01-12 01:18:03.610114,2015-01-23 16:53:09.887323,9735958404,,,,40.9161148220301,-74.1931139677763,4.0,passion-lounge-paterson,Lounges,,,passion-lounge
1741,Marquee New York,289 10th Ave,2015-01-12 01:18:03.346063,2015-01-23 16:53:09.90235,6464730202,http://s3-media1.fl.yelpcdn.com/bphoto/eX5y6eyRqr8YXhB39JcvyA/ms.jpg,,Chelsea,40.7499875,-74.0027094,2.5,marquee-new-york-new-york,Dance Clubs,11,,marquee-new-york
1744,The Mean Fiddler,266 W 47th St,2015-01-12 01:18:03.365163,2015-01-23 16:53:09.918337,2123542950,http://s3-media4.fl.yelpcdn.com/bphoto/XcHnIf2fWO8Qxiiu3vUIcw/ms.jpg,,Theater District,40.7601632,-73.9870715,3.0,the-mean-fiddler-new-york,Dance Clubs,4,,the-mean-fiddler
1746,Mercury Lounge,217 East Houston St.,2015-01-12 01:18:03.376894,2015-01-23 16:53:09.938783,2122604700,http://s3-media4.fl.yelpcdn.com/bphoto/ppkDyg-2BedtQ_OJ_Cq8eQ/ms.jpg,,Lower East Side,40.722034,-73.986809,3.5,mercury-lounge-new-york,Dive Bars,3,,mercury-lounge
1749,Miller Theatre,Columbia University,2015-01-12 01:18:03.401681,2015-01-23 16:53:09.954093,2128547799,http://s3-media2.fl.yelpcdn.com/bphoto/VqOomHcokZ40-qVn5vgREQ/ms.jpg,,Morningside Heights,40.80808210954,-73.9634400978684,4.5,miller-theatre-new-york,Music Venues,18,,miller-theatre
1754,Heidelberg Restaurant,1648 2nd Ave,2015-01-12 01:18:03.428387,2015-01-23 16:53:09.974307,2126282332,http://s3-media1.fl.yelpcdn.com/bphoto/T4BvISfT9e9UW-pYx2Wc6w/ms.jpg,,Upper East Side,40.77742,-73.9517212,4.0,heidelberg-restaurant-new-york,Bars,19,,heidelberg-restaurant
1792,The Paper Box,17 Meadow St,2015-01-12 01:18:03.601009,2015-01-23 16:53:09.990305,7183833815,http://s3-media3.fl.yelpcdn.com/bphoto/0weVUAp7M2NVQ_aFYi2sWg/ms.jpg,,East Williamsburg,40.7108498,-73.9365997,3.5,the-paper-box-brooklyn,Music Venues,21,,the-paper-box
1798,People Kitchen and Lounge,163 Allen St,2015-01-12 01:18:03.632674,2015-01-23 16:53:10.006274,2122542668,http://s3-media4.fl.yelpcdn.com/bphoto/lrVrZyjTnPxOPKswIwVaJA/ms.jpg,,Lower East Side,40.721203,-73.989792,3.0,people-kitchen-and-lounge-new-york,Lounges,3,,people-kitchen-and-lounge
1828,Raine Lounge,170 W 233rd St,2015-01-12 01:18:03.776159,2015-01-23 16:53:10.024262,7186011613,http://s3-media4.fl.yelpcdn.com/bphoto/CaHbc01UGKDaIMco6tgf7g/ms.jpg,,Kingsbridge,40.880016,-73.903214,3.0,raine-lounge-bronx,Dance Clubs,26,,raine-lounge
1888,SRB Brooklyn,177 2nd Ave,2015-01-12 01:18:04.081205,2015-01-23 16:53:10.046359,7184991700,http://s3-media1.fl.yelpcdn.com/bphoto/8yjnRswLimfh7Xl0M7EYGg/ms.jpg,,,40.669586,-73.995499,3.5,srb-brooklyn-brooklyn,Music Venues,,,srb-brooklyn
1830,The Ravel Hotel,8-08 Queens Plz S,2015-01-12 01:18:03.804559,2015-01-23 16:53:10.060141,7182896101,http://s3-media1.fl.yelpcdn.com/bphoto/zclokSVp4NlMpi9tGW79zw/ms.jpg,,Long Island City,40.7538986,-73.9486313,2.5,the-ravel-hotel-long-island-city,Hotels,27,,the-ravel-hotel
1832,reBar,68 Jay St,2015-01-12 01:18:03.81339,2015-01-23 16:53:10.078364,7187669110,http://s3-media1.fl.yelpcdn.com/bphoto/9XGgpGKwGJglBs3kP1hhEw/ms.jpg,,DUMBO,40.7027618587017,-73.9867394417524,3.5,rebar-brooklyn,Bars,28,,rebar
1841,Retreat,37 W 17th St,2015-01-12 01:18:03.858121,2015-01-23 16:53:10.094378,2124886600,http://s3-media2.fl.yelpcdn.com/bphoto/TqG-9BFe_3ToIqlefkZ9gg/ms.jpg,,Flatiron,40.738907,-73.994019,2.5,retreat-new-york,Dance Clubs,13,,retreat
1844,Dream Hotel,210 W 55th St,2015-01-12 01:18:03.873259,2015-01-23 16:53:10.113209,8777537326,http://s3-media1.fl.yelpcdn.com/bphoto/YK7QjF1R8MgV-TUm6dfo4Q/ms.jpg,,Midtown West,40.7644613832235,-73.9816680550575,3.0,dream-hotel-new-york,Hotels,1,,dream-hotel
1846,Rock Star Bar,351 Kent Ave,2015-01-12 01:18:03.885906,2015-01-23 16:53:10.124892,7185993052,,,Williamsburg - South Side,40.7126159667969,-73.9674301147461,4.0,rock-star-bar-brooklyn-2,Dive Bars,29,,rock-star-bar
1848,Rooftop 48,605 W 48th St,2015-01-12 01:18:03.894093,2015-01-23 16:53:10.1399,2129571800,http://s3-media4.fl.yelpcdn.com/bphoto/O8LadUt8tepjO90GwdechA/ms.jpg,,Hell's Kitchen,40.7651132649777,-73.9960123243591,3.5,rooftop-48-new-york,Lounges,20,,rooftop-48
1942,Village Lantern,167 Bleecker St,2015-01-12 01:18:04.364293,2015-01-23 16:53:10.159654,2122607993,http://s3-media4.fl.yelpcdn.com/bphoto/PoFbANtuoNChRviFD-Sqig/ms.jpg,,Greenwich Village,40.728882,-74.000099,3.0,village-lantern-new-york,Music Venues,2,,village-lantern
1944,Vintage West,21 7th Ave S,2015-01-12 01:18:04.373976,2015-01-23 16:53:10.178293,2129290990,http://s3-media1.fl.yelpcdn.com/bphoto/rQiY_2vdG9Td7sq98q6Y_Q/ms.jpg,,West Village,40.7302513,-74.0044708,3.5,vintage-west-new-york,Dance Clubs,31,,vintage-west
1950,Polish National Home,261 Driggs Ave,2015-01-12 01:18:04.463962,2015-01-23 16:53:10.194283,7183870505,http://s3-media3.fl.yelpcdn.com/bphoto/Gq81SaxpL7aZMx3O0Q-hWw/ms.jpg,,Greenpoint,40.722393,-73.94841,4.0,polish-national-home-brooklyn-3,Music Venues,32,,polish-national-home
1909,Tandem,236 Troutman St,2015-01-12 01:18:04.192631,2015-01-23 16:53:10.225387,7183862369,http://s3-media1.fl.yelpcdn.com/bphoto/bCcL7py5FhE5x-XH-FzkMQ/ms.jpg,,Bushwick,40.702404,-73.92659,4.0,tandem-brooklyn,Bars,10,,tandem
1535,Bossa Nova Civic Club,1271 Myrtle Ave,2015-01-12 01:18:02.288349,2015-01-24 20:15:18.149365,7184431271,http://s3-media1.fl.yelpcdn.com/bphoto/XKeZFzonf3_yNir_3BhmMQ/ms.jpg,,Bushwick,40.6979738,-73.9279654,3.5,bossa-nova-civic-club-brooklyn,Dance Clubs,10,2015-01-24 20:15:18.141454,bossa-nova-civic-club
1537,Bowery Ballroom,6 Delancey St,2015-01-12 01:18:02.297031,2015-01-23 16:53:10.283548,2125332111,http://s3-media2.fl.yelpcdn.com/bphoto/lj_SW4EkjkcSjUoGqhzNFw/ms.jpg,,Lower East Side,40.7204285,-73.9933395,4.5,bowery-ballroom-new-york,Music Venues,3,,bowery-ballroom
1543,Brooklyn Fire Proof East,119 Ingraham St,2015-01-12 01:18:02.32695,2015-01-23 16:53:10.294935,3472234211,http://s3-media1.fl.yelpcdn.com/bphoto/Mtna9996tU-cLv8qngKN0Q/ms.jpg,,Bushwick,40.7059791315543,-73.9286291851807,3.5,brooklyn-fire-proof-east-brooklyn-2,Bars,10,,brooklyn-fire-proof-east
1554,Cameo,93 N 6th St,2015-01-12 01:18:02.388061,2015-01-23 16:53:10.306122,7183021180,http://s3-media1.fl.yelpcdn.com/bphoto/3-004IY-PMYPlBLjRAYVHQ/ms.jpg,,Williamsburg - North Side,40.7184283831074,-73.9604437351227,3.5,cameo-brooklyn,Music Venues,7,,cameo
1557,Cantina Royal,58 N 3rd St,2015-01-12 01:18:02.40573,2015-01-23 16:53:10.320126,3477632938,http://s3-media4.fl.yelpcdn.com/bphoto/BeQw4h5CiDIZz6c5niRAmQ/ms.jpg,,Williamsburg - North Side,40.7175416270346,-73.9634865865082,4.0,cantina-royal-brooklyn,Bars,7,,cantina-royal
1559,Cellar Bar,The Bryant Park Hotel,2015-01-12 01:18:02.415117,2015-01-23 16:53:10.338302,2126422211,http://s3-media2.fl.yelpcdn.com/bphoto/PlgAMwtKJ9vVJG449qPYzA/ms.jpg,,Midtown West,40.7527809,-73.9838028,2.5,cellar-bar-new-york,Dance Clubs,1,,cellar-bar
1562,The Chelsea Room,222 W 23rd St,2015-01-12 01:18:02.434526,2015-01-23 16:53:10.354352,2126753600,http://s3-media2.fl.yelpcdn.com/bphoto/7rY9G3LHVKtLpCuARiHQkg/ms.jpg,,Chelsea,40.7445842027664,-73.9968929439783,2.5,the-chelsea-room-new-york,Lounges,11,,the-chelsea-room
1698,Knitting Factory,361 Metropolitan Ave,2015-01-12 01:18:03.139182,2015-01-23 16:53:10.370272,3475296696,http://s3-media4.fl.yelpcdn.com/bphoto/U5Pqg2KKW8yew9hbuVEGDg/ms.jpg,,Williamsburg - North Side,40.7142067,-73.95578,3.5,knitting-factory-brooklyn-2,Music Venues,7,,knitting-factory
1701,La Lune,103 Ave A,2015-01-12 01:18:03.154263,2015-01-23 16:53:10.386341,2122601420,http://s3-media1.fl.yelpcdn.com/bphoto/beSOAR6SJGgj6R-K2MrjWg/ms.jpg,,East Village,40.7258067280054,-73.9837789535522,3.0,la-lune-new-york-2,Hookah Bars,6,,la-lune
1703,Flatiron Room,37 W 26th St,2015-01-12 01:18:03.16527,2015-01-23 16:53:10.402385,2127253860,http://s3-media4.fl.yelpcdn.com/bphoto/P-Si3ZVVlBwBbSYI-nm71g/ms.jpg,,Flatiron,40.744625,-73.99041,4.5,flatiron-room-new-york,Lounges,13,,flatiron-room
1708,Le Bain,444 West 13th Street,2015-01-12 01:18:03.195801,2015-01-23 16:53:10.411444,2126454646,http://s3-media1.fl.yelpcdn.com/bphoto/0ubNGJfTCGFOvkZXboE3PA/ms.jpg,,Meatpacking District,40.7409954071045,-74.0077511966228,3.5,le-bain-new-york,Bars,12,,le-bain
1847,Rockwood Music Hall,196 Allen St,2015-01-12 01:18:03.890056,2015-01-23 16:53:12.931435,2124774155,http://s3-media3.fl.yelpcdn.com/bphoto/738luFoAB62ZQiF3hUnH4g/ms.jpg,,Lower East Side,40.7223396,-73.9885635,4.5,rockwood-music-hall-new-york,Music Venues,3,,rockwood-music-hall
1880,Solas,232 E 9th St,2015-01-12 01:18:04.046479,2015-01-23 16:53:13.114381,2123750297,http://s3-media1.fl.yelpcdn.com/bphoto/aYqv1w43r-qHgU-tYct93g/ms.jpg,,East Village,40.72973,-73.988074,3.5,solas-new-york,Lounges,6,,solas
1883,Space Ibiza New York,637 W 50th St,2015-01-12 01:18:04.058724,2015-01-23 16:53:13.127068,2122472447,http://s3-media1.fl.yelpcdn.com/bphoto/lZGPCbr8XQmg8z8j3QcT3Q/ms.jpg,,Hell's Kitchen,40.7670878748,-73.9960933493,2.5,space-ibiza-new-york-new-york,Music Venues,20,,space-ibiza-new-york
1924,Touch,240 W 52nd St,2015-01-12 01:18:04.270193,2015-01-23 16:53:13.303958,3474134069,http://s3-media1.fl.yelpcdn.com/bphoto/DQKMMwL4Xh2cPscDl-xTPw/ms.jpg,,Theater District,40.7629013,-73.9842606,2.0,touch-new-york,Dance Clubs,4,,touch
1931,Karizma,244 E 51st St,2015-01-12 01:18:04.300182,2015-01-23 16:53:13.350629,2126059988,http://s3-media2.fl.yelpcdn.com/bphoto/GrkSg-_D2u6oqpMFPMwCag/ms.jpg,,Midtown East,40.755577,-73.968834,3.0,karizma-new-york,Lounges,14,,karizma
1968,YOTEL New York,570 10th Ave,2015-01-12 01:18:04.551707,2015-01-23 16:53:13.5703,6464497700,http://s3-media3.fl.yelpcdn.com/bphoto/d9egPxLqkg6iHD0f4LDdXA/ms.jpg,,Hell's Kitchen,40.759285,-73.9955215,3.5,yotel-new-york-new-york,Hotels,20,,yotel-new-york
1973,Ulysses Folk House,95 Pearl St,2015-01-12 01:18:04.578134,2015-01-23 16:53:13.619795,2124820400,http://s3-media4.fl.yelpcdn.com/bphoto/eeLb74pZyvz120oJu29vnQ/ms.jpg,,Financial District,40.7042799890041,-74.0099190920591,3.5,ulysses-folk-house-new-york-2,Pubs,35,,ulysses-folk-house
1664,Home Sweet Home,131 Chrystie St,2015-01-12 01:18:02.933884,2015-01-23 16:53:13.862339,2122265709,http://s3-media2.fl.yelpcdn.com/bphoto/gKd-2SnoQdq9BBm0aw7oIQ/ms.jpg,,Lower East Side,40.7195015,-73.9935074,3.5,home-sweet-home-new-york,Lounges,3,,home-sweet-home
1759,Motivo,915 Broadway,2015-01-12 01:18:03.450652,2015-01-23 16:53:10.437678,2125866000,http://s3-media3.fl.yelpcdn.com/bphoto/4QtaUvpBUM0bf2GKpZQhqQ/ms.jpg,,Flatiron,40.739843,-73.990009,2.0,motivo-new-york,Music Venues,13,,motivo
1568,Allure,33-02 Queens Blvd,2015-01-12 01:18:02.464756,2015-01-23 16:53:10.454071,7184334500,http://s3-media2.fl.yelpcdn.com/bphoto/h8n6XY-IozuiLIHbF42PsQ/ms.jpg,,Sunnyside,40.7445029,-73.9317213,2.5,allure-long-island-city,Dance Clubs,15,,allure
1769,No Malice Palace,197 E 3rd St,2015-01-12 01:18:03.493795,2015-01-23 16:53:10.473802,2122549184,http://s3-media2.fl.yelpcdn.com/bphoto/CRSRipJOVUsfDEVYZfqDqw/ms.jpg,,East Village,40.723003,-73.983208,3.0,no-malice-palace-new-york,Dance Clubs,6,,no-malice-palace
1774,Nuyorican Poets Cafe,236 E 3rd St,2015-01-12 01:18:03.514348,2015-01-23 16:53:10.48955,2125058183,http://s3-media3.fl.yelpcdn.com/bphoto/uW8Ll_8wv_bMo_IosKcWSg/ms.jpg,,East Village,40.721924,-73.981834,4.5,nuyorican-poets-cafe-new-york,Bars,6,,nuyorican-poets-cafe
1781,Open House,244 E Houston St,2015-01-12 01:18:03.552166,2015-01-23 16:53:10.511223,9172259018,http://s3-media3.fl.yelpcdn.com/bphoto/t3o9aOhcfj_XvxeJkBRvVA/ms.jpg,,East Village,40.7223396,-73.985611,3.0,open-house-new-york,Dance Clubs,6,,open-house
1571,Club Shelter,37 Vandam St,2015-01-12 01:18:02.478281,2015-01-23 16:53:10.52356,2128077000,http://s3-media2.fl.yelpcdn.com/bphoto/GAHgbSI5q4hq2ZAP3SUQuw/ms.jpg,,South Village,40.7264444231987,-74.0052480250597,3.5,club-shelter-new-york,Dance Clubs,16,,club-shelter
1784,Pacha,618 W 46th St,2015-01-12 01:18:03.564524,2015-01-23 16:53:10.539799,2122097500,http://s3-media1.fl.yelpcdn.com/bphoto/f6J0yWAty-oYTldoll1qCg/ms.jpg,,Hell's Kitchen,40.7635775953531,-73.9970572292805,2.5,pacha-new-york,Music Venues,20,,pacha
1789,The Royal Palms Shuffleboard Club,514 Union St,2015-01-12 01:18:03.586973,2015-01-23 16:53:10.5503,3472234410,http://s3-media1.fl.yelpcdn.com/bphoto/WVAVh64gdbtuv_obflfqVg/ms.jpg,,Gowanus,40.6788624899903,-73.9869758019173,4.5,the-royal-palms-shuffleboard-club-brooklyn,Bars,8,,the-royal-palms-shuffleboard-club
1800,Pianos,158 Ludlow St,2015-01-12 01:18:03.641513,2015-01-23 16:53:10.562178,2125053733,http://s3-media4.fl.yelpcdn.com/bphoto/5e2l8rhE9Xu8saJNn6OXXg/ms.jpg,,Lower East Side,40.7210317254066,-73.9878109842539,3.5,pianos-new-york,Music Venues,3,,pianos
1806,Place To Beach,1302 Broadwalk W,2015-01-12 01:18:03.671173,2015-01-23 16:53:10.571825,7183735862,http://s3-media2.fl.yelpcdn.com/bphoto/v9tz8e86IrX1l0EIehl47g/ms.jpg,,Coney Island,40.5732822946671,-73.9813919696086,2.5,place-to-beach-brooklyn,Cocktail Bars,22,,place-to-beach
1808,Play Lounge,77-17 Queens Blvd,2015-01-12 01:18:03.681382,2015-01-23 16:53:10.583568,7184762828,http://s3-media3.fl.yelpcdn.com/bphoto/iLBsy5sCm0RuYDjiORzWiQ/ms.jpg,,Elmhurst,40.7388992,-73.8864594,3.0,play-lounge-elmhurst,Lounges,23,,play-lounge
1693,Kinfolk,94 Wythe Ave,2015-01-12 01:18:03.118057,2015-01-23 16:53:14.055471,3477992946,http://s3-media1.fl.yelpcdn.com/bphoto/xIKfZD7h7XBpdAiAT1rjWA/ms.jpg,,Williamsburg - North Side,40.7216669,-73.958412,3.0,kinfolk-williamsburg,Lounges,7,,kinfolk
1853,Roseland Ballroom,239 W 52Nd St,2015-01-12 01:18:03.915962,2015-01-23 16:53:10.596407,2122470200,http://s3-media1.fl.yelpcdn.com/bphoto/0VeZKiifbuselGQXdXCS4g/ms.jpg,,Theater District,40.7629585,-73.9834595,3.0,roseland-ballroom-new-york,Music Venues,4,,roseland-ballroom
1859,Sankeys NYC,29 W 36th St,2015-01-12 01:18:03.947042,2015-01-23 16:53:10.610396,2127640157,http://s3-media4.fl.yelpcdn.com/bphoto/fCD5qXJrCtbQ8oHawL0yAA/ms.jpg,,Midtown West,40.750591,-73.985077,2.5,sankeys-nyc-new-york,Dance Clubs,1,,sankeys-nyc
1861,Sapphire New York,333 E 60th St,2015-01-12 01:18:03.955552,2015-01-23 16:53:10.624209,2124213600,http://s3-media4.fl.yelpcdn.com/bphoto/4bIyzWpFmodzQbq-qRmiaw/ms.jpg,,Upper East Side,40.7607155,-73.9623337,3.5,sapphire-new-york-new-york,Dance Clubs,19,,sapphire-new-york
1864,Seven One Ocho,7714 Queens Blvd,2015-01-12 01:18:03.96833,2015-01-23 16:53:10.654464,7184244105,http://s3-media3.fl.yelpcdn.com/bphoto/JqcHrqC1nRje-AHaO52xLA/ms.jpg,,Elmhurst,40.7380897275273,-73.8855623018518,2.5,seven-one-ocho-elmhurst,Lounges,23,,seven-one-ocho
1866,Shi,4720 Center Blvd,2015-01-12 01:18:03.97882,2015-01-23 16:53:10.666748,3472422450,http://s3-media1.fl.yelpcdn.com/bphoto/B1emoqQpvHYW1UlA4pH8pQ/ms.jpg,,Hunters Point,40.746298,-73.957003,3.5,shi-long-island-city,Lounges,30,,shi
1871,Sky Room,330 W 40th St,2015-01-12 01:18:04.002868,2015-01-23 16:53:10.681222,2123801195,http://s3-media1.fl.yelpcdn.com/bphoto/2Qy77LRu8HCYkrdjCD6TBA/ms.jpg,,Hell's Kitchen,40.7565877041595,-73.9921761534424,2.5,sky-room-new-york,Lounges,20,,sky-room
1817,Providence,311 W 57th St,2015-01-12 01:18:03.724287,2015-01-23 16:53:10.695453,2123070062,http://s3-media2.fl.yelpcdn.com/bphoto/Y4yD_984gz1vjpHS3Iy0hA/ms.jpg,,Hell's Kitchen,40.7654614721255,-73.9860534667969,2.5,providence-new-york,Dance Clubs,20,,providence
1876,Soel,33-02 Queens Blvd,2015-01-12 01:18:04.028841,2015-01-23 16:53:10.7082,7184334500,http://s3-media3.fl.yelpcdn.com/bphoto/Cz8pVsZOeem5-IuVdX61fA/ms.jpg,,Sunnyside,40.7444953918457,-73.9317245483398,3.0,soel-queens,Dance Clubs,15,,soel
1894,Star of Palm Beach,Pier 40 -W Houston St and West Side Hwy,2015-01-12 01:18:04.1161,2015-01-23 16:53:10.722333,2129879200,http://s3-media4.fl.yelpcdn.com/bphoto/HFt7C_Jw27je9JMQkrziOw/ms.jpg,,West Village,40.7290497,-74.0105515,1.5,star-of-palm-beach-new-york,Dance Clubs,31,,star-of-palm-beach
1898,Studio BPM,237 Kent Ave,2015-01-12 01:18:04.13314,2015-01-23 16:53:10.738402,,http://s3-media2.fl.yelpcdn.com/bphoto/zYLNIxNGSoSd9Dymm40s-A/ms.jpg,,Williamsburg - North Side,40.716488,-73.965424,3.0,studio-bpm-brooklyn,Music Venues,7,,studio-bpm
1820,Puck Fair,298 Lafayette St,2015-01-12 01:18:03.739207,2015-01-23 16:53:10.751465,2124311200,http://s3-media2.fl.yelpcdn.com/bphoto/F8NaILjNxBmbvW-UgKyVAA/ms.jpg,,SoHo,40.7246819,-73.9959717,4.0,puck-fair-new-york,Pubs,25,,puck-fair
1823,Pyramid Club,101 Ave A,2015-01-12 01:18:03.754257,2015-01-23 16:53:10.771908,2122284888,http://s3-media4.fl.yelpcdn.com/bphoto/r5o2Hp79zVJuiboZ1zQYFQ/ms.jpg,,East Village,40.725845,-73.984047,3.5,pyramid-club-new-york,Dance Clubs,6,,pyramid-club
1573,Coco 66,66 Greenpoint Ave,2015-01-12 01:18:02.487298,2015-01-23 16:53:10.783642,7187016478,http://s3-media4.fl.yelpcdn.com/bphoto/HAebzXL77_DBQCp3XcUjjw/ms.jpg,,Greenpoint,40.7295609,-73.9583206,3.5,coco-66-brooklyn,Music Venues,32,,coco-66
1918,Thom Bar,60 Thompson St,2015-01-12 01:18:04.244799,2015-01-23 16:53:10.798703,2122192000,http://s3-media1.fl.yelpcdn.com/bphoto/m9--i0gK-UkFiNAYvdRYYg/ms.jpg,,South Village,40.7240673154593,-74.003235027194,3.0,thom-bar-new-york-2,Bars,16,,thom-bar
1582,The Counting Room,44 Berry St,2015-01-12 01:18:02.537093,2015-01-23 16:53:10.811473,7185991860,http://s3-media4.fl.yelpcdn.com/bphoto/mHg0tN7NsLQLi2t_IH6_OQ/ms.jpg,,Williamsburg - North Side,40.7210284353333,-73.9567896387259,4.0,the-counting-room-brooklyn,Bars,7,,the-counting-room
1923,Smyth TriBeCa,85 West Broadway,2015-01-12 01:18:04.266005,2015-01-23 16:53:10.821994,2125877000,http://s3-media2.fl.yelpcdn.com/bphoto/OpHw2PgarDBtCrQ7c5fmXA/ms.jpg,,TriBeCa,40.71521,-74.0091324,4.0,smyth-tribeca-new-york,Hotels,17,,smyth-tribeca
1902,Sutra Lounge,16 1st Ave,2015-01-12 01:18:04.15659,2015-01-23 16:53:10.83137,2126779477,http://s3-media2.fl.yelpcdn.com/bphoto/qQOEwWvtyllqsTJTar64pg/ms.jpg,,East Village,40.7233696,-73.9879608,2.5,sutra-lounge-new-york-2,Lounges,6,,sutra-lounge
1927,Triad Theatre,158 W 72nd St,2015-01-12 01:18:04.28306,2015-01-23 16:53:10.854324,2123622590,http://s3-media1.fl.yelpcdn.com/bphoto/nQ9oCme-1P5qPa57oe20zg/ms.jpg,,Upper West Side,40.778015,-73.980988,3.0,triad-theatre-new-york,Music Venues,34,,triad-theatre
1929,Trophy Bar,351 Broadway,2015-01-12 01:18:04.29177,2015-01-23 16:53:10.868706,3472278515,http://s3-media2.fl.yelpcdn.com/bphoto/ShRxasHK4CqoBUppr-c5Qg/ms.jpg,,South Williamsburg,40.707908,-73.95565,4.0,trophy-bar-brooklyn,Dance Clubs,5,,trophy-bar
1940,Freemans,191 Chrystie St,2015-01-12 01:18:04.348614,2015-01-23 16:53:10.882314,2124200012,http://s3-media4.fl.yelpcdn.com/bphoto/KWiwDzFDEyFjoF9W_3iCCQ/ms.jpg,,Lower East Side,40.721941,-73.992502,4.0,freemans-new-york-3,Lounges,3,,freemans
1496,Alphabet Lounge,104 Ave C,2015-01-12 01:18:02.088155,2015-01-23 16:53:10.905933,2127800202,http://s3-media1.fl.yelpcdn.com/bphoto/AVlu0mzXiAO7WXMf8i1V2A/ms.jpg,,East Village,40.7238235,-73.9788437,2.5,alphabet-lounge-new-york,Lounges,6,,alphabet-lounge
1499,Andaz Wall Street,75 Wall St,2015-01-12 01:18:02.103658,2015-01-23 16:53:10.914591,2125901234,http://s3-media2.fl.yelpcdn.com/bphoto/q5OkVb4EOX_52L189XzAsg/ms.jpg,,Financial District,40.70504,-74.00811,4.0,andaz-wall-street-new-york,Hotels,35,,andaz-wall-street
1959,White Slab Palace,77 Delancey St,2015-01-12 01:18:04.504289,2015-01-23 16:53:10.929929,2123340193,http://s3-media2.fl.yelpcdn.com/bphoto/2ZmCZyn7P2PGU-RZV_n4pg/ms.jpg,,Lower East Side,40.718826,-73.990219,2.5,white-slab-palace-new-york,Lounges,3,,white-slab-palace
1911,Tantra Lounge,35-50 31 St,2015-01-12 01:18:04.205334,2015-01-23 16:53:10.946494,7189374574,http://s3-media1.fl.yelpcdn.com/bphoto/rF8I8dpInfGlIUKyiLcggw/ms.jpg,,Astoria,40.757,-73.9298019,3.0,tantra-lounge-astoria,Lounges,33,,tantra-lounge
1962,The Woods,48 S 4th St,2015-01-12 01:18:04.517742,2015-01-23 16:53:10.961159,7187824955,http://s3-media4.fl.yelpcdn.com/bphoto/uOWAcvjfZKpzcnyxfcbEpQ/ms.jpg,,Williamsburg - South Side,40.7128181,-73.9666595,3.5,the-woods-brooklyn,Dance Clubs,29,,the-woods
1964,Wreck Room,940 Flushing Ave,2015-01-12 01:18:04.526436,2015-01-23 16:53:10.972382,7184186347,http://s3-media1.fl.yelpcdn.com/bphoto/5Ipknid-goNNnWr05rfKgw/ms.jpg,,Bushwick,40.702541,-73.933632,3.5,wreck-room-brooklyn,Bars,10,,wreck-room
1967,XVI Lounge,251 W 48th St,2015-01-12 01:18:04.547291,2015-01-23 16:53:10.990282,2129561300,http://s3-media3.fl.yelpcdn.com/bphoto/GupcCfEaYQU6YsmaJ__O3w/ms.jpg,,Theater District,40.7606962323189,-73.9860883355141,2.5,xvi-lounge-new-york,Lounges,4,,xvi-lounge
1969,Z NYC Hotel,11-01 43rd Ave,2015-01-12 01:18:04.558308,2015-01-23 16:53:10.999655,2123197000,http://s3-media1.fl.yelpcdn.com/bphoto/jsUgzuH3sWWted-nqonvOQ/ms.jpg,,Long Island City,40.7519798,-73.9475174,3.0,z-nyc-hotel-long-island-city,Hotels,27,,z-nyc-hotel
1913,Teneleven,171 Ave C,2015-01-12 01:18:04.214465,2015-01-23 16:53:11.018284,2123531011,http://s3-media1.fl.yelpcdn.com/bphoto/31Y_DWQUHrHoru53Bj24Rg/ms.jpg,,East Village,40.726299,-73.977562,4.0,teneleven-new-york,Bars,6,,teneleven
1491,Ace Hotel New York,20 W 29th St,2015-01-12 01:18:02.064426,2015-01-24 19:12:09.860719,2126792222,http://s3-media3.fl.yelpcdn.com/bphoto/uj5eT4B5EvqQXf1ty-2YHQ/ms.jpg,,Flatiron,40.7456551,-73.9880447,4.0,ace-hotel-new-york-new-york-2,Hotels,13,2015-01-24 19:12:09.849445,ace-hotel-new-york
1972,Zumbale Night Club,91-01 Astoria Blvd,2015-01-12 01:18:04.573616,2015-01-23 16:53:11.034327,3476137652,http://s3-media2.fl.yelpcdn.com/bphoto/Wn6kBTL68hDDu6p4Fj9AYA/ms.jpg,,,40.763749,-73.878117,5.0,zumbale-night-club-flushing,Dance Clubs,,,zumbale-night-club
1932,Tutu's,25 Bogart St,2015-01-12 01:18:04.304675,2015-01-23 16:53:11.046436,7184567898,http://s3-media3.fl.yelpcdn.com/bphoto/RwtAE7QzAXqqudL24aTYng/ms.jpg,,Bushwick,40.70409,-73.93325,3.5,tutus-brooklyn,Pubs,10,,tutu's
1937,Ventanas,100 10th Ave,2015-01-12 01:18:04.33591,2015-01-23 16:53:11.05828,2123661640,http://s3-media2.fl.yelpcdn.com/bphoto/EliJ7A_4FrF5pgrYr7bBKA/ms.jpg,,Chelsea,40.7437744,-74.0068283,3.0,ventanas-new-york-2,Lounges,11,,ventanas
1502,Area Lounge,32-03 Farrington St,2015-01-12 01:18:02.117275,2015-01-23 16:53:11.075131,7183213949,http://s3-media1.fl.yelpcdn.com/bphoto/EEKJoxFvthic6WXKjM_lsQ/ms.jpg,,Flushing,40.7673722505569,-73.8328966498375,2.5,area-lounge-flushing,Lounges,36,,area-lounge
1504,Arka Lounge,4488 Broadway,2015-01-12 01:18:02.127492,2015-01-23 16:53:11.090928,2125679425,http://s3-media4.fl.yelpcdn.com/bphoto/SzuuYXmOWgN9ZDCPDyVLgw/ms.jpg,,Washington Heights,40.8576956391335,-73.9320686459541,2.0,arka-lounge-new-york,Lounges,37,,arka-lounge
1505,Arlene's Grocery,95 Stanton St,2015-01-12 01:18:02.132966,2015-01-23 16:53:11.107647,2123581633,http://s3-media1.fl.yelpcdn.com/bphoto/qv4KtXhMjdlFWpItKh3CwQ/ms.jpg,,Lower East Side,40.7212999463081,-73.9881368726492,4.0,arlenes-grocery-new-york,Music Venues,3,,arlene's-grocery
1486,285 Kent Ave,285 Kent Ave,2015-01-12 01:18:02.031887,2015-01-23 16:53:11.119444,,http://s3-media3.fl.yelpcdn.com/bphoto/YbytYR-7aaHM8oLgBZeF8w/ms.jpg,,Williamsburg - South Side,40.7150497,-73.9662704,3.5,285-kent-ave-brooklyn,Music Venues,29,,285-kent-ave
1510,B Bar & Grill,40 E 4th St,2015-01-12 01:18:02.156304,2015-01-23 16:53:11.131479,2124752220,http://s3-media2.fl.yelpcdn.com/bphoto/okP_AiS-yL6jfj76E3C6nQ/ms.jpg,,NoHo,40.727225,-73.9919726,3.0,b-bar-and-grill-new-york,Bars,38,,b-bar-&-grill
1513,Babel NYC,129 Ave C,2015-01-12 01:18:02.170128,2015-01-23 16:53:11.15028,2125053468,http://s3-media1.fl.yelpcdn.com/bphoto/FBqka_KEh1ZLTp-AXCoKCw/ms.jpg,,East Village,40.724926,-73.978546,3.5,babel-nyc-new-york-2,Dance Clubs,6,,babel-nyc
1515,Bar 13,35 E 13th St,2015-01-12 01:18:02.179334,2015-01-23 16:53:11.166361,2129796677,http://s3-media2.fl.yelpcdn.com/bphoto/qbbXe8nvJeWh71dsiXKhcg/ms.jpg,,Union Square,40.7345024496317,-73.9920730143785,2.5,bar-13-new-york,Dance Clubs,39,,bar-13
1516,The Bar Downstairs,Andaz 5th Ave,2015-01-12 01:18:02.18394,2015-01-23 16:53:11.18224,2126011234,http://s3-media3.fl.yelpcdn.com/bphoto/SjUItDyzWI41WV05xoQ_QQ/ms.jpg,,Midtown East,40.7528813879886,-73.9810645580292,4.0,the-bar-downstairs-new-york,Lounges,14,,the-bar-downstairs
1520,Beauty Bar,231 E 14th St,2015-01-12 01:18:02.206164,2015-01-23 16:53:11.194293,2125391389,http://s3-media1.fl.yelpcdn.com/bphoto/lJo8EVcmaf39CJEt9TR1tw/ms.jpg,,Gramercy,40.732975,-73.98571,3.0,beauty-bar-new-york,Dance Clubs,40,,beauty-bar
1521,Brooklyn Terrace,216-228 Duffield St,2015-01-12 01:18:02.210803,2015-01-23 16:53:11.207271,3473901891,http://s3-media3.fl.yelpcdn.com/bphoto/nV1Pg7o31glRrtVA-UFZMw/ms.jpg,,Downtown Brooklyn,40.691586,-73.984673,2.5,brooklyn-terrace-brooklyn,Lounges,41,,brooklyn-terrace
1523,Beekman Beer Garden Beach Club,89 South St,2015-01-12 01:18:02.219444,2015-01-23 16:53:11.226995,2128964600,http://s3-media4.fl.yelpcdn.com/bphoto/TKlvwqa5FTh43gmAvgW_0g/ms.jpg,,South Street Seaport,40.7063408,-74.00383,3.0,beekman-beer-garden-beach-club-new-york-2,Music Venues,42,,beekman-beer-garden-beach-club
1525,Bembe,81 S 6th St,2015-01-12 01:18:02.233514,2015-01-23 16:53:11.24228,7183875389,http://s3-media1.fl.yelpcdn.com/bphoto/8WAk6XjF8J4YoVE-QN1cyQ/ms.jpg,,South Williamsburg,40.711071,-73.9651413,4.0,bembe-brooklyn,Dance Clubs,5,,bembe
1529,Montana's Trail House,445 Troutman St,2015-01-12 01:18:02.256123,2015-01-23 16:53:11.258321,9179661666,http://s3-media1.fl.yelpcdn.com/bphoto/YoXvmPraebDfkPtOaT0mJg/ms.jpg,,Bushwick,40.7077561318874,-73.9217367768288,4.5,montanas-trail-house-brooklyn,Cocktail Bars,10,,montana's-trail-house
1531,Juke Bar,196 2nd Ave,2015-01-12 01:18:02.266795,2015-01-23 16:53:11.274431,2122287464,http://s3-media1.fl.yelpcdn.com/bphoto/GCtsmQjNBXRDB7R0DEj7Aw/ms.jpg,,East Village,40.7311912626028,-73.9857168495655,4.5,juke-bar-new-york,Bars,6,,juke-bar
1536,Botanica Bar,47 E Houston St,2015-01-12 01:18:02.292753,2015-01-23 16:53:11.290715,2123437251,http://s3-media3.fl.yelpcdn.com/bphoto/uqkniQ0G7pdjk0wVJCXedw/ms.jpg,,Nolita,40.724583,-73.994781,4.0,botanica-bar-new-york,Bars,43,,botanica-bar
1539,Bowery Poetry Club,308 Bowery,2015-01-12 01:18:02.306208,2015-01-23 16:53:11.306354,2126140505,http://s3-media2.fl.yelpcdn.com/bphoto/3PhV5sZUtlF4odAjCsUm4Q/ms.jpg,,NoHo,40.724949645619,-73.9926624298096,4.0,bowery-poetry-club-new-york,Music Venues,38,,bowery-poetry-club
1541,BAM Café,30 Lafayette Ave,2015-01-12 01:18:02.314675,2015-01-23 16:53:11.315446,7186237811,http://s3-media3.fl.yelpcdn.com/bphoto/KeEba_d2nK_IBuXwyLhX2w/ms.jpg,,Fort Greene,40.686443,-73.977715,4.0,bam-café-brooklyn-2,Music Venues,44,,bam-café
1542,Brooklyn Bowl,61 Wythe Ave,2015-01-12 01:18:02.31897,2015-01-23 16:53:11.331089,7189633369,http://s3-media1.fl.yelpcdn.com/bphoto/UK8x3TmJQYAwC1jJpuf1ug/ms.jpg,,Williamsburg - North Side,40.7219442770098,-73.9577142214785,4.0,brooklyn-bowl-brooklyn,Music Venues,7,,brooklyn-bowl
1544,Brooklyn Masonic Temple,317 Clermont Ave,2015-01-12 01:18:02.332159,2015-01-23 16:53:11.366317,7188573885,http://s3-media1.fl.yelpcdn.com/bphoto/jt6NyzeDkxxREOemYylAoQ/ms.jpg,,Fort Greene,40.688129,-73.969528,2.5,brooklyn-masonic-temple-brooklyn,Music Venues,44,,brooklyn-masonic-temple
1546,Brooklyn Stable,486 Metropolitan Ave,2015-01-12 01:18:02.341745,2015-01-23 16:53:11.3746,7182187600,http://s3-media2.fl.yelpcdn.com/bphoto/rJbSnXteqn8G2cJDGFNBlg/ms.jpg,,Williamsburg - North Side,40.7140150666237,-73.95262978971,3.5,brooklyn-stable-brooklyn,Lounges,7,,brooklyn-stable
1550,Bungalo Lounge,32-03 Broadway,2015-01-12 01:18:02.369314,2015-01-23 16:53:11.390321,7182047010,http://s3-media4.fl.yelpcdn.com/bphoto/w6200lCy7gJHLDj3Gz3QUA/ms.jpg,,Astoria,40.7616997,-73.924263,2.5,bungalo-lounge-astoria-2,Lounges,33,,bungalo-lounge
1551,Bunga's Den,137 W 14th St,2015-01-12 01:18:02.374304,2015-01-23 16:53:11.410366,2122421040,http://s3-media4.fl.yelpcdn.com/bphoto/6RQWtjRH1QV3YnpIp1LrZw/ms.jpg,,Chelsea,40.7383193969727,-73.9983596801758,3.5,bungas-den-new-york,Dive Bars,11,,bunga's-den
1555,Canal Room,285 W Broadway,2015-01-12 01:18:02.396599,2015-01-23 16:53:11.426372,2129418100,http://s3-media2.fl.yelpcdn.com/bphoto/jLBu9lazWRRH9lj6X_Q2mA/ms.jpg,,TriBeCa,40.721021471999,-74.004824631311,3.0,canal-room-new-york,Music Venues,17,,canal-room
1556,Mad River Bar & Grill,1442 3rd Ave,2015-01-12 01:18:02.40127,2015-01-23 16:53:11.438642,2129881832,http://s3-media3.fl.yelpcdn.com/bphoto/lAFk3MosroOr_ZqZWjUD7g/ms.jpg,,Upper East Side,40.776199,-73.956306,3.0,mad-river-bar-and-grill-new-york,Bars,19,,mad-river-bar-&-grill
1558,Carnegie Hall,881 7th Ave,2015-01-12 01:18:02.410354,2015-01-23 16:53:11.459633,2122477800,http://s3-media2.fl.yelpcdn.com/bphoto/EhluciuR-LukJbitb5NJ0w/ms.jpg,,Midtown West,40.7650108,-73.9798965,4.5,carnegie-hall-new-york,Music Venues,1,,carnegie-hall
1563,Chrystie 141,141 Chrystie St,2015-01-12 01:18:02.441491,2015-01-23 16:53:11.473451,2129667808,http://s3-media3.fl.yelpcdn.com/bphoto/5fHZtk2LbXJD1TE_JKm77g/ms.jpg,,Lower East Side,40.719807,-73.993355,2.5,chrystie-141-new-york,Dance Clubs,3,,chrystie-141
1538,Bowery Electric,327 Bowery St,2015-01-12 01:18:02.301551,2015-01-24 16:20:40.2851,2122280228,http://s3-media1.fl.yelpcdn.com/bphoto/fdYsxqkmIhaFwlK3klDe_Q/ms.jpg,,East Village,40.7257004,-73.9916763,3.0,bowery-electric-new-york,Music Venues,6,2015-01-24 16:20:40.27903,bowery-electric
1564,Cielo,18 Little W 12th St,2015-01-12 01:18:02.446164,2015-01-23 16:53:11.486233,2126455700,http://s3-media1.fl.yelpcdn.com/bphoto/1_r--T-RAB4uVBAdAx-NIw/ms.jpg,,Meatpacking District,40.7398529,-74.0072708,3.0,cielo-new-york,Dance Clubs,12,,cielo
1567,Club 39,303 W 39th St,2015-01-12 01:18:02.459266,2015-01-23 16:53:11.498289,2124653444,http://s3-media1.fl.yelpcdn.com/bphoto/auymrxm3erixSd6ukER_Lg/ms.jpg,,Hell's Kitchen,40.7554578781128,-73.9913602173328,2.5,club-39-manhattan,Music Venues,20,,club-39
1569,Rebel NYC,251 W 30th St,2015-01-12 01:18:02.46918,2015-01-23 16:53:11.510262,2126952747,http://s3-media4.fl.yelpcdn.com/bphoto/tOx-5D8uK-0NduBZeyxSnw/ms.jpg,,Midtown West,40.749481,-73.994247,2.5,rebel-nyc-new-york,Dance Clubs,1,,rebel-nyc
1570,Metronome Hospitality Group,915 Broadway,2015-01-12 01:18:02.473771,2015-01-23 16:53:11.525044,2125057400,http://s3-media2.fl.yelpcdn.com/bphoto/R-DP0eilYLc3ZaZCxN9heQ/ms.jpg,,Flatiron,40.739822,-73.989998,2.5,metronome-hospitality-group-new-york,Dance Clubs,13,,metronome-hospitality-group
1572,124 Old Rabbit Club,124  MacDougal St,2015-01-12 01:18:02.482765,2015-01-23 16:53:11.538356,2122540575,http://s3-media1.fl.yelpcdn.com/bphoto/AThJoRLdBtUk8e7gNCjNsg/ms.jpg,,Greenwich Village,40.729926,-74.000219,4.0,124-old-rabbit-club-new-york,Bars,2,,124-old-rabbit-club
1574,The Coliseum,312 W 58th St,2015-01-12 01:18:02.495447,2015-01-23 16:53:11.553271,2129773523,http://s3-media3.fl.yelpcdn.com/bphoto/ZGnbVR77YUagOTLn2yfSqw/ms.jpg,,Hell's Kitchen,40.7676564,-73.9832675,3.5,the-coliseum-new-york,Pubs,20,,the-coliseum
1578,Copacabana,268 West 47th St,2015-01-12 01:18:02.516979,2015-01-23 16:53:11.573669,2122392672,http://s3-media3.fl.yelpcdn.com/bphoto/o93u_WrfN17tVXL6oR1wbg/ms.jpg,,Theater District,40.7600558549166,-73.9867508411407,2.5,copacabana-new-york-3,Dance Clubs,4,,copacabana
1583,Cove Lounge,325 Lenox Ave,2015-01-12 01:18:02.541221,2015-01-23 16:53:11.594385,2126653455,http://s3-media4.fl.yelpcdn.com/bphoto/72C569bxQTRfxh7mQ-rLAg/ms.jpg,,Harlem,40.8088188,-73.9452286,3.5,cove-lounge-new-york,Lounges,45,,cove-lounge
1584,SakaMai,157 Ludlow St,2015-01-12 01:18:02.545239,2015-01-23 16:53:11.608483,6465900684,http://s3-media1.fl.yelpcdn.com/bphoto/St2-b53u8225sSPR7hhEGw/ms.jpg,,Lower East Side,40.7210083,-73.9881363,4.0,sakamai-new-york,Lounges,3,,sakamai
1586,Crimson & Rye,198 E 54th St,2015-01-12 01:18:02.553585,2015-01-23 16:53:11.619665,2126876692,http://s3-media1.fl.yelpcdn.com/bphoto/Wu7gG6BdD-5GNE9Vfb6EDA/ms.jpg,,Midtown East,40.7583248,-73.9689637,3.5,crimson-and-rye-new-york,Cocktail Bars,14,,crimson-&-rye
1589,Dark Room,165 Ludlow St,2015-01-12 01:18:02.565809,2015-01-23 16:53:11.630112,2123530536,http://s3-media1.fl.yelpcdn.com/bphoto/3NAhDEzXA4O6L2CulmIGuQ/ms.jpg,,Lower East Side,40.7215805,-73.9878387,3.0,dark-room-new-york-2,Dance Clubs,3,,dark-room
1597,D-Lounge,101 East 15th St,2015-01-12 01:18:02.598965,2015-01-23 16:53:11.639366,2123751110,http://s3-media4.fl.yelpcdn.com/bphoto/ItWg-Q6kloLJQhQ-YLdKlA/ms.jpg,,Flatiron,40.7353477,-73.9895706,3.0,d-lounge-new-york,Lounges,13,,d-lounge
1598,Hill Country Barbecue Market,30 W 26th St,2015-01-12 01:18:02.603199,2015-01-23 16:53:11.64709,2122554544,http://s3-media2.fl.yelpcdn.com/bphoto/qAjd7dO_e_bY7kH40kjf3Q/ms.jpg,,Flatiron,40.744022,-73.989576,3.5,hill-country-barbecue-market-new-york,Music Venues,13,,hill-country-barbecue-market
1602,DROM,85 Ave A,2015-01-12 01:18:02.620152,2015-01-23 16:53:11.654233,2127771157,http://s3-media4.fl.yelpcdn.com/bphoto/dQGi0qig6ETWvqFZtnNAzA/ms.jpg,,East Village,40.7253189,-73.9844437,3.0,drom-new-york,Music Venues,6,,drom
1608,Eden Lounge,28 W 33rd St,2015-01-12 01:18:02.652799,2015-01-23 16:53:11.670281,2122901624,http://s3-media4.fl.yelpcdn.com/bphoto/CDdAT8Eu0JLe7kg0TcxqlQ/ms.jpg,,Midtown West,40.7483521,-73.9868088,2.5,eden-lounge-new-york,Dance Clubs,1,,eden-lounge
1611,Ella,9 Ave A,2015-01-12 01:18:02.665548,2015-01-23 16:53:11.67908,2127772230,http://s3-media3.fl.yelpcdn.com/bphoto/vUIAXGuHwPLTgBodYG03BA/ms.jpg,,East Village,40.722652,-73.98632,3.0,ella-new-york,Music Venues,6,,ella
1612,Empire Hotel Rooftop,The Empire Hotel,2015-01-12 01:18:02.670543,2015-01-23 16:53:11.690691,2129563313,http://s3-media3.fl.yelpcdn.com/bphoto/rqSwSUSmnsQX_WjUxSecNA/ms.jpg,,Upper West Side,40.7715231173169,-73.982652425766,2.5,empire-hotel-rooftop-new-york,Dance Clubs,34,,empire-hotel-rooftop
1616,Falucka,162 Bleecker St,2015-01-12 01:18:02.690106,2015-01-23 16:53:11.702169,2127774555,http://s3-media3.fl.yelpcdn.com/bphoto/VW3YHr0Gtd3OM_Fmmm9StQ/ms.jpg,,Greenwich Village,40.728562027216,-74.0000921487808,3.0,falucka-new-york,Lounges,2,,falucka
1618,Irving Plaza,17 Irving Pl,2015-01-12 01:18:02.698943,2015-01-23 16:53:11.714203,2127776817,http://s3-media3.fl.yelpcdn.com/bphoto/n-KwGq_Nx-bTifUjM-FPXg/ms.jpg,,Flatiron,40.734936,-73.988449,3.5,irving-plaza-new-york,Music Venues,13,,irving-plaza
1620,The Flat,308 Hooper St,2015-01-12 01:18:02.707107,2015-01-23 16:53:11.730087,7185995151,http://s3-media1.fl.yelpcdn.com/bphoto/M4cBmUynAA9_zFdbbH9mLA/ms.jpg,,South Williamsburg,40.707237,-73.953743,3.5,the-flat-new-york-2,Lounges,5,,the-flat
1621,Flute Gramercy,40 E 20th St,2015-01-12 01:18:02.711196,2015-01-23 16:53:11.739669,2125297870,http://s3-media2.fl.yelpcdn.com/bphoto/4WlRreC-zpRxfdGHXDWq9w/ms.jpg,,Flatiron,40.738453,-73.988609,3.5,flute-gramercy-new-york,Music Venues,13,,flute-gramercy
1623,Frank's Cocktail Lounge,660 Fulton St,2015-01-12 01:18:02.721125,2015-01-23 16:53:11.750184,7186259339,http://s3-media2.fl.yelpcdn.com/bphoto/P0VIC19tWDsV3FlzCxfDzw/ms.jpg,,Fort Greene,40.6866112,-73.9757919,3.5,franks-cocktail-lounge-brooklyn,Lounges,44,,frank's-cocktail-lounge
1626,Aloft New York Brooklyn,216 Duffield Street,2015-01-12 01:18:02.733875,2015-01-23 16:53:11.766291,7182563833,http://s3-media4.fl.yelpcdn.com/bphoto/2K9KAJ4QCvAGyDhkMmjTPA/ms.jpg,,Downtown Brooklyn,40.691586,-73.984673,3.0,aloft-new-york-brooklyn-brooklyn,Hotels,41,,aloft-new-york-brooklyn
1628,Gabbana,107-11 Northern Blvd,2015-01-12 01:18:02.742238,2015-01-23 16:53:11.782278,7186514052,http://s3-media3.fl.yelpcdn.com/bphoto/P73uV6_neJF3Ink8v_X4zQ/ms.jpg,,North Corona,40.7579231,-73.8616791,3.5,gabbana-corona,Lounges,46,,gabbana
1630,Gallery Bar,120 Orchard St,2015-01-12 01:18:02.750726,2015-01-23 16:53:11.796159,2125292266,http://s3-media1.fl.yelpcdn.com/bphoto/YW6_-M89rZLQsk0EimQNVA/ms.jpg,,Lower East Side,40.719372,-73.989326,3.0,gallery-bar-new-york,Bars,3,,gallery-bar
1635,Glasslands Gallery,289 Kent Ave,2015-01-12 01:18:02.773979,2015-01-23 16:53:11.815063,,http://s3-media2.fl.yelpcdn.com/bphoto/uRGgd-O-rCWRePbHD0YbbQ/ms.jpg,,Williamsburg - South Side,40.71483515203,-73.966665789485,3.5,glasslands-gallery-brooklyn,Music Venues,29,,glasslands-gallery
1636,Glazz Nightclub,79-51 Albion Ave,2015-01-12 01:18:02.779121,2015-01-23 16:53:11.835236,7185051170,http://s3-media1.fl.yelpcdn.com/bphoto/4Krmjh5pDtTJoj-b52U62Q/ms.jpg,,Elmhurst,40.7391891,-73.8847275,2.5,glazz-nightclub-elmhurst,Dance Clubs,23,,glazz-nightclub
1642,Room Mate Grace Hotel,125 W 45th St,2015-01-12 01:18:02.805991,2015-01-23 16:53:11.846445,2123542323,http://s3-media4.fl.yelpcdn.com/bphoto/miZW8kTEpqAurJQKv8royQ/ms.jpg,,Theater District,40.7574387,-73.9838028,3.0,room-mate-grace-hotel-new-york,Hotels,4,,room-mate-grace-hotel
1646,Griffin,50 Gansevoort St,2015-01-12 01:18:02.823117,2015-01-23 16:53:11.868207,2122556676,http://s3-media2.fl.yelpcdn.com/bphoto/xJOvfZoPgZCJ2mYPXRFUCA/ms.jpg,,Meatpacking District,40.7393485307693,-74.0068063884974,2.5,griffin-new-york,Dance Clubs,12,,griffin
1648,The Way Station,683 Washington Ave,2015-01-12 01:18:02.831703,2015-01-23 16:53:11.885545,3476274949,http://s3-media3.fl.yelpcdn.com/bphoto/qIwCQOeiRSR4sUM6hHd6yg/ms.jpg,,Prospect Heights,40.67676,-73.9635139,4.0,the-way-station-brooklyn,Music Venues,47,,the-way-station
1650,Whiskey Park,100 Central Park S,2015-01-12 01:18:02.840903,2015-01-23 16:53:11.906434,2123079222,http://s3-media3.fl.yelpcdn.com/bphoto/rTp3LooUrZpI3flaHexjwQ/ms.jpg,,Midtown West,40.7657661,-73.9768219,3.0,whiskey-park-new-york,Lounges,1,,whiskey-park
1652,Manhattan Center Hammerstein Ballroom,311 West 34Th Street,2015-01-12 01:18:02.848955,2015-01-23 16:53:11.92643,2122797740,http://s3-media1.fl.yelpcdn.com/bphoto/PQBpmV5UmP7EttABU_gWow/ms.jpg,,Hell's Kitchen,40.7524766027927,-73.9940182864666,3.5,manhattan-center-hammerstein-ballroom-new-york,Music Venues,20,,manhattan-center-hammerstein-ballroom
1625,Frying Pan,Pier 66 Maritime,2015-01-12 01:18:02.729612,2015-01-23 16:53:11.954269,2129896363,http://s3-media3.fl.yelpcdn.com/bphoto/uBM8SQJK9g-t0zNns81oDg/ms.jpg,,,40.7521011493324,-74.008584022522,4.0,frying-pan-new-york,Bars,,,frying-pan
1654,Haus,285 W Broadway,2015-01-12 01:18:02.856788,2015-01-23 16:53:11.97337,2126254287,http://s3-media3.fl.yelpcdn.com/bphoto/_svzSUZSdTuhomZGbNxc1Q/ms.jpg,,TriBeCa,40.7212133679053,-74.0046358423279,2.5,haus-new-york,Dance Clubs,17,,haus
1656,Loreley,7 Rivington St,2015-01-12 01:18:02.865136,2015-01-23 16:53:11.98287,2122537077,http://s3-media4.fl.yelpcdn.com/bphoto/10BPeNpsyKhhFEi5uH0SJw/ms.jpg,,Lower East Side,40.72121,-73.992874,3.5,loreley-new-york,Pubs,3,,loreley
1657,Heathers,506 E 13th St,2015-01-12 01:18:02.869946,2015-01-23 16:53:11.995229,2122540979,http://s3-media1.fl.yelpcdn.com/bphoto/WzDTvlIUdrbBn5MbeIlQ1g/ms.jpg,,East Village,40.729490891321,-73.9804493227539,3.5,heathers-new-york,Lounges,6,,heathers
1644,The Greenroom,203 Frank E Rodgers Blvd S,2015-01-12 01:18:02.814979,2015-01-23 16:53:12.010602,9734120007,http://s3-media2.fl.yelpcdn.com/bphoto/A-QBuVIvsbOKFT9OntjX0A/ms.jpg,,,40.744501054287,-74.1560847312212,4.0,the-greenroom-harrison,Bars,,,the-greenroom
1659,Henrietta Hudson,438-444 Hudson St,2015-01-12 01:18:02.878527,2015-01-23 16:53:12.031941,2129243347,http://s3-media1.fl.yelpcdn.com/bphoto/WoAE-ZeOn0sQukLjQ7fzlQ/ms.jpg,,West Village,40.7310562,-74.0065231,3.0,henrietta-hudson-new-york,Dance Clubs,31,,henrietta-hudson
1671,Hudson River Cafe,697 W 133rd St,2015-01-12 01:18:02.967697,2015-01-23 16:53:12.041202,2124919111,http://s3-media1.fl.yelpcdn.com/bphoto/1ViZU-bpGbE8cj7CKWL5Kw/ms.jpg,,Harlem,40.8200226,-73.9585648,3.0,hudson-river-cafe-new-york-2,Lounges,45,,hudson-river-cafe
1633,Gin Palace,95 Ave A,2015-01-12 01:18:02.764482,2015-01-24 17:22:16.388539,2126146818,http://s3-media4.fl.yelpcdn.com/bphoto/ZTfF8iPBEgo7gDIyb2qorA/ms.jpg,,East Village,40.725658,-73.984123,3.5,gin-palace-new-york,Lounges,6,2015-01-24 17:22:16.381505,gin-palace
1676,Inc Lounge,The Time Hotel,2015-01-12 01:18:02.991915,2015-01-23 16:53:12.051837,2129567020,http://s3-media2.fl.yelpcdn.com/bphoto/IvralbVSt6JGds9EbYHC3w/ms.jpg,,Theater District,40.761221415213,-73.9856597481018,3.0,inc-lounge-new-york,Lounges,4,,inc-lounge
1687,K Lounge,2537 Third Ave,2015-01-12 01:18:03.092457,2015-01-23 16:53:12.066839,7182926720,http://s3-media4.fl.yelpcdn.com/bphoto/DAJonr97kINcFlTD6p755w/ms.jpg,,Mott Haven,40.8109436,-73.9276886,4.0,k-lounge-bronx,Bars,48,,k-lounge
1689,Karma,51 1st Ave,2015-01-12 01:18:03.100457,2015-01-23 16:53:12.073197,2126773160,http://s3-media2.fl.yelpcdn.com/bphoto/xzZR4IrBdY2nzjE_-iAC6A/ms.jpg,,East Village,40.72493,-73.987656,2.5,karma-new-york,Lounges,6,,karma
1691,Keybar,432 E 13th St,2015-01-12 01:18:03.109899,2015-01-23 16:53:12.083214,2124783021,http://s3-media4.fl.yelpcdn.com/bphoto/KyJKehujQmJiIVKeyKJmXg/ms.jpg,,East Village,40.729904,-73.981903,4.0,keybar-new-york,Lounges,6,,keybar
1695,McCarren Hotel & Pool,160 N 12th St,2015-01-12 01:18:03.126078,2015-01-23 16:53:12.094249,7182187500,http://s3-media3.fl.yelpcdn.com/bphoto/sfkxD6VYwGR5FFsSpM08lQ/ms.jpg,,Williamsburg - North Side,40.7209524,-73.9553668,2.5,mccarren-hotel-and-pool-brooklyn,Hotels,7,,mccarren-hotel-&-pool
1697,VIP Room,409 W 13th St,2015-01-12 01:18:03.134383,2015-01-23 16:53:12.108154,2122555344,http://s3-media1.fl.yelpcdn.com/bphoto/pZHP1FIvVW2fMGxlner9xQ/ms.jpg,,Meatpacking District,40.7404447,-74.0062707,2.0,vip-room-new-york,Dance Clubs,12,,vip-room
1699,Cozy Cafe,43 E 1st St,2015-01-12 01:18:03.143443,2015-01-23 16:53:12.116527,2124750177,http://s3-media1.fl.yelpcdn.com/bphoto/DjJeRhMi9ZgNAbTiVxv0fQ/ms.jpg,,East Village,40.723724,-73.990028,2.5,cozy-cafe-new-york,Hookah Bars,6,,cozy-cafe
1700,La Boheme Lounge,1790 Stillwell Ave,2015-01-12 01:18:03.147874,2015-01-23 16:53:12.123852,7182652245,http://s3-media2.fl.yelpcdn.com/bphoto/u5ldg27_NpPTh4YXrLpY7w/ms.jpg,,Bensonhurst,40.60273,-73.986641,3.5,la-boheme-lounge-brooklyn,Lounges,49,,la-boheme-lounge
1702,La Marina,348 Dyckman St,2015-01-12 01:18:03.160594,2015-01-23 16:53:12.132231,2125676300,http://s3-media2.fl.yelpcdn.com/bphoto/6muatJBEOrYENi51EZcFnA/ms.jpg,,Washington Heights,40.8692540968744,-73.9321930085983,3.0,la-marina-new-york,Bars,37,,la-marina
1704,La Vie Restaurant & Lounge,64 E 1st St,2015-01-12 01:18:03.174738,2015-01-23 16:53:12.145213,2125293262,http://s3-media2.fl.yelpcdn.com/bphoto/z2qurWX6nfiHEAw7DoyiMQ/ms.jpg,,East Village,40.723789,-73.988953,3.0,la-vie-restaurant-and-lounge-new-york,Dance Clubs,6,,la-vie-restaurant-&-lounge
1706,Lavo,39 E 58th St,2015-01-12 01:18:03.187271,2015-01-23 16:53:12.158212,2127505588,http://s3-media1.fl.yelpcdn.com/bphoto/AVTzekC0X5Is6cHfMfOwNQ/ms.jpg,,Midtown East,40.7629471,-73.971489,3.0,lavo-new-york,Lounges,14,,lavo
1768,No Fun,161 Ludlow St,2015-01-12 01:18:03.48977,2015-01-23 16:53:12.171437,2124771616,http://s3-media1.fl.yelpcdn.com/bphoto/ilblSno5W-TGdrn709HvXw/ms.jpg,,Lower East Side,40.7214508,-73.9878922,3.0,no-fun-new-york,Bars,3,,no-fun
1707,"Le Bain, Rooftop-Bar & Club",848 Washington St,2015-01-12 01:18:03.191662,2015-01-23 16:53:12.183676,,http://s3-media2.fl.yelpcdn.com/bphoto/MfCTR6n93p1-SVcRzmshXg/ms.jpg,,Meatpacking District,40.7409,-74.0078,4.0,le-bain-rooftop-bar-and-club-new-york,Bars,12,,"le-bain,-rooftop-bar-&-club"
1709,Le Baron,32 Mulberry St,2015-01-12 01:18:03.201029,2015-01-23 16:53:12.191157,,http://s3-media2.fl.yelpcdn.com/bphoto/Swr3EQ4yxbvTm8OjPIKRLw/ms.jpg,,Chinatown,40.7145996,-73.9993668,2.5,le-baron-new-york,Music Venues,50,,le-baron
1711,Essex,120 Essex St,2015-01-12 01:18:03.213591,2015-01-23 16:53:12.202603,2125339616,http://s3-media2.fl.yelpcdn.com/bphoto/TX4d3GvycGbPk1Kq080BGw/ms.jpg,,Lower East Side,40.7193235,-73.9874465,3.5,essex-new-york,Bars,3,,essex
1714,Leather Lounge,454 W 128th St,2015-01-12 01:18:03.22726,2015-01-23 16:53:12.21036,9175591779,http://s3-media2.fl.yelpcdn.com/bphoto/Eya5egZ_FT9ax721ly6r4Q/ms.jpg,,Harlem,40.8135605,-73.9538422,1.5,leather-lounge-new-york,Dance Clubs,45,,leather-lounge
1717,Terminal 5,610 W 56Th St.,2015-01-12 01:18:03.240056,2015-01-23 16:53:12.230297,2125826600,http://s3-media4.fl.yelpcdn.com/bphoto/QgkTSxq_1LEo8qvnZqaAiQ/ms.jpg,,Hell's Kitchen,40.769707,-73.992767,3.0,terminal-5-new-york,Music Venues,20,,terminal-5
1719,Libation,137 Ludlow St,2015-01-12 01:18:03.250708,2015-01-23 16:53:12.243629,2125292153,http://s3-media3.fl.yelpcdn.com/bphoto/FmMS9B9ZYQ9yXKUEKB_J1A/ms.jpg,,Lower East Side,40.720421,-73.988449,3.0,libation-new-york,Dance Clubs,3,,libation
1720,The Liberty Theater,233 W 41st St,2015-01-12 01:18:03.255094,2015-01-23 16:53:12.251897,2129970009,http://s3-media2.fl.yelpcdn.com/bphoto/ItWJllgvRQS90hG_Se1WBg/ms.jpg,,Theater District,40.7560921,-73.9888229,2.0,the-liberty-theater-new-york,Dance Clubs,4,,the-liberty-theater
1724,Lit Lounge,93 2nd Ave,2015-01-12 01:18:03.27215,2015-01-23 16:53:12.266204,2127777987,http://s3-media4.fl.yelpcdn.com/bphoto/nSVgxpMYwD9OvDDfurDdRg/ms.jpg,,East Village,40.7272,-73.989098,3.0,lit-lounge-new-york,Lounges,6,,lit-lounge
1727,Local West,1 Penn Plz,2015-01-12 01:18:03.284461,2015-01-23 16:53:12.275618,2126297070,http://s3-media2.fl.yelpcdn.com/bphoto/iiIa7v0NpePsCiCKH9VGeA/ms.jpg,,Midtown West,40.7516301102931,-73.9936149232483,2.5,local-west-new-york,Bars,1,,local-west
1732,Low Tide Bar,Beach 96th Street At the Boardwalk,2015-01-12 01:18:03.305816,2015-01-23 16:53:12.286539,,http://s3-media1.fl.yelpcdn.com/bphoto/Gobi59048eoaN5hxWdeyIw/ms.jpg,,Seaside,40.5829965656516,-73.8164520263672,4.0,low-tide-bar-rockaway,Bars,51,,low-tide-bar
1733,LP & Harmony,683 Grand St,2015-01-12 01:18:03.310073,2015-01-23 16:53:12.297733,3472624274,http://s3-media2.fl.yelpcdn.com/bphoto/An2omk4y5yI5HJ-kFbyi9g/ms.jpg,,Williamsburg - North Side,40.711739,-73.945221,3.5,lp-and-harmony-brooklyn,Bars,7,,lp-&-harmony
1738,Madame X,94 W Houston St,2015-01-12 01:18:03.333553,2015-01-23 16:53:12.307206,2125390808,http://s3-media3.fl.yelpcdn.com/bphoto/vNEkOJJm9Jg5C3NyIVK4Ew/ms.jpg,,Greenwich Village,40.727348,-74,3.5,madame-x-new-york,Lounges,2,,madame-x
1742,Pier 54,Pier 54,2015-01-12 01:18:03.350614,2015-01-23 16:53:12.317089,2126272020,http://s3-media1.fl.yelpcdn.com/bphoto/5f5iEDd90BgyeNIdq654rQ/ms.jpg,,West Village,40.7375488,-74.0056763,4.0,pier-54-new-york,Music Venues,31,,pier-54
1747,Merkin Concert Hall,129 W 67th St,2015-01-12 01:18:03.385985,2015-01-23 16:53:12.331712,2125013330,http://s3-media3.fl.yelpcdn.com/bphoto/oOUwk66RUiQz-uc5OHtzNA/ms.jpg,,Upper West Side,40.775013,-73.9826355,4.0,merkin-concert-hall-new-york,Music Venues,34,,merkin-concert-hall
1748,MikNic Lounge,200 Columbia St,2015-01-12 01:18:03.391423,2015-01-23 16:53:12.34384,9177701984,http://s3-media2.fl.yelpcdn.com/bphoto/0zyYpaUEq-1ZGgr6NcIgeA/ms.jpg,,Columbia Street Waterfront District,40.685319,-74.0028201,4.5,miknic-lounge-brooklyn-4,Lounges,52,,miknic-lounge
1750,Lucky Strike,River Place,2015-01-12 01:18:03.407549,2015-01-23 16:53:12.35271,6468290170,http://s3-media3.fl.yelpcdn.com/bphoto/uw8vjVeuSPJ5vE_dD6CTRw/ms.jpg,,Midtown West,40.761821,-74.000843,3.0,lucky-strike-new-york-2,Bars,1,,lucky-strike
1752,Mister H,150 Lafayette St,2015-01-12 01:18:03.417508,2015-01-23 16:53:12.366195,2123891000,http://s3-media1.fl.yelpcdn.com/bphoto/jKzPsEDzebNT3h2waF9TEA/ms.jpg,,SoHo,40.719738,-73.999718,3.0,mister-h-new-york,Dance Clubs,25,,mister-h
1753,MObar,Mandarin Oriental Hotel,2015-01-12 01:18:03.424121,2015-01-23 16:53:12.385578,2128058800,http://s3-media2.fl.yelpcdn.com/bphoto/eywNdAA9igJFpQ_1pDhpsw/ms.jpg,,Upper West Side,40.7795056894071,-73.9752579814453,3.5,mobar-new-york,Bars,34,,mobar
1755,Mo's Fort Greene,80 Lafayette Ave,2015-01-12 01:18:03.432576,2015-01-23 16:53:12.397388,7187972849,http://s3-media4.fl.yelpcdn.com/bphoto/IbB6pMC-QQec0kWsihw9ZQ/ms.jpg,,Fort Greene,40.686943,-73.974716,3.0,mos-fort-greene-brooklyn,Pubs,44,,mo's-fort-greene
1758,Monster,80 Grove St,2015-01-12 01:18:03.445602,2015-01-23 16:53:12.414644,2129243557,http://s3-media1.fl.yelpcdn.com/bphoto/0ktYUMiiN5--PXQm0mR9vg/ms.jpg,,West Village,40.733326,-74.002243,3.5,monster-new-york,Dance Clubs,31,,monster
1760,Muchmore's,2 Havemeyer St,2015-01-12 01:18:03.455015,2015-01-23 16:53:12.42628,7185763222,http://s3-media1.fl.yelpcdn.com/bphoto/Ix48PyvTWs_pVqZ8dnV70g/ms.jpg,,Williamsburg - North Side,40.7164523632333,-73.952944278717,4.5,muchmores-new-york,Music Venues,7,,muchmore's
1761,The Mulberry Project,149 Mulberry St,2015-01-12 01:18:03.459224,2015-01-23 16:53:12.442277,6464484536,http://s3-media2.fl.yelpcdn.com/bphoto/uodT7fvEKHRfvxq3UqdPEQ/ms.jpg,,Little Italy,40.7190704,-73.9976883,3.5,the-mulberry-project-new-york,Lounges,53,,the-mulberry-project
1763,Music Hall Of Williamsburg,66 N 6Th St,2015-01-12 01:18:03.467653,2015-01-23 16:53:12.454446,,http://s3-media1.fl.yelpcdn.com/bphoto/OqopJznJzDTqmmyXs7YJqQ/ms.jpg,,Williamsburg - North Side,40.719135,-73.961784,4.0,music-hall-of-williamsburg-brooklyn,Music Venues,7,,music-hall-of-williamsburg
1767,Nexus Lounge,76 E 1st St,2015-01-12 01:18:03.485756,2015-01-23 16:53:12.469192,2125989126,http://s3-media2.fl.yelpcdn.com/bphoto/oMNV2TU_h75fFGAEiGz7HQ/ms.jpg,,East Village,40.7233124,-73.9881973,2.5,nexus-lounge-new-york,Lounges,6,,nexus-lounge
1740,Mantra,253 Washington St,2015-01-12 01:18:03.341693,2015-01-23 16:53:12.487473,2013338699,http://s3-media3.fl.yelpcdn.com/bphoto/ZTfW1fdFiFKbXXM2QwLLXw/ms.jpg,,,40.716427202155,-74.037603770639,3.0,mantra-jersey-city-2,Lounges,,,mantra
1775,Odyssea,486 Metropolitan Ave,2015-01-12 01:18:03.518958,2015-01-23 16:53:12.522217,7182187600,http://s3-media4.fl.yelpcdn.com/bphoto/QpHkxbx482vrcsQDOkscQg/ms.jpg,,Williamsburg - North Side,40.7140150666237,-73.95262978971,3.0,odyssea-brooklyn,Lounges,7,,odyssea
1777,Employees Only,510 Hudson St,2015-01-12 01:18:03.530447,2015-01-23 16:53:12.537379,2122423021,http://s3-media3.fl.yelpcdn.com/bphoto/LGncXIbkv_A_HNXwbR8xeQ/ms.jpg,,West Village,40.733437,-74.00605,4.0,employees-only-new-york,Lounges,31,,employees-only
1780,One Last Shag,348 Franklin Ave,2015-01-12 01:18:03.547874,2015-01-23 16:53:12.550599,7183982472,http://s3-media4.fl.yelpcdn.com/bphoto/X8Eb9i6GOAD7cHbn16bWnA/ms.jpg,,Clinton Hill,40.6872281,-73.9571333,3.5,one-last-shag-brooklyn,Bars,54,,one-last-shag
1783,Output,74 Wythe Ave,2015-01-12 01:18:03.560406,2015-01-23 16:53:12.55866,,http://s3-media1.fl.yelpcdn.com/bphoto/zWvSHGBtSCeyO_PBMdf_Hw/ms.jpg,,Williamsburg - North Side,40.7221151,-73.9576675,3.5,output-brooklyn,Music Venues,7,,output
1791,The Panther Room & Canopy Bar,74 Wythe Ave,2015-01-12 01:18:03.597023,2015-01-23 16:53:12.582635,,http://s3-media1.fl.yelpcdn.com/bphoto/GoTJTDm0Od7-AaUQXIiVmw/ms.jpg,,Williamsburg - North Side,40.7223328,-73.9577161,3.5,the-panther-room-and-canopy-bar-brooklyn,Lounges,7,,the-panther-room-&-canopy-bar
1793,Parlor,286 Spring St,2015-01-12 01:18:03.606028,2015-01-23 16:53:12.598678,2124142902,http://s3-media4.fl.yelpcdn.com/bphoto/3sAuStoxqHi048wx2VoX2w/ms.jpg,,South Village,40.7256622,-74.0071564,3.5,parlor-manhattan,Lounges,16,,parlor
1799,Phuket Lounge,701 W 135th St,2015-01-12 01:18:03.637398,2015-01-23 16:53:12.622551,2122342288,http://s3-media3.fl.yelpcdn.com/bphoto/6Y8qcce3FTRhwUPtFrTdIw/ms.jpg,,Harlem,40.821539977481,-73.957948753309,2.0,phuket-lounge-new-york,Dance Clubs,45,,phuket-lounge
1805,Pink Elephant,40 W 8th St,2015-01-12 01:18:03.666259,2015-01-23 16:53:12.638312,2127771511,http://s3-media2.fl.yelpcdn.com/bphoto/tXBjmwyChIlJ3vme1VMkWQ/ms.jpg,,Greenwich Village,40.7329292,-73.9984131,1.5,pink-elephant-new-york,Dance Clubs,2,,pink-elephant
1807,The Plank,216 Bedford Ave,2015-01-12 01:18:03.676644,2015-01-23 16:53:12.654337,,http://s3-media2.fl.yelpcdn.com/bphoto/Emx4ga760wB0e3aIJ-pu8g/ms.jpg,,Williamsburg - North Side,40.7169317,-73.9589908,3.5,the-plank-brooklyn,Dive Bars,7,,the-plank
1814,Prey Bar & Lounge,4 W 22nd St,2015-01-12 01:18:03.70818,2015-01-23 16:53:12.789119,6462301444,http://s3-media2.fl.yelpcdn.com/bphoto/g4UtzPkxwgQcZv2bqzQINg/ms.jpg,,Flatiron,40.740936,-73.990799,2.5,prey-bar-and-lounge-new-york,Lounges,13,,prey-bar-&-lounge
1815,The Production Lounge,113 Franklin St,2015-01-12 01:18:03.713281,2015-01-23 16:53:12.80146,7184826900,http://s3-media3.fl.yelpcdn.com/bphoto/fz0lkmQSfWIpvdrhMo-jHA/ms.jpg,,Greenpoint,40.7299996912479,-73.9576636254787,2.5,the-production-lounge-brooklyn,Music Venues,32,,the-production-lounge
1818,Provocateur,18 9th Ave,2015-01-12 01:18:03.729851,2015-01-23 16:53:12.811367,2129299036,http://s3-media2.fl.yelpcdn.com/bphoto/ioe1DyhQLx_XiRAXv804_Q/ms.jpg,,Meatpacking District,40.7399673,-74.0058746,3.5,provocateur-new-york,Lounges,12,,provocateur
1821,Club Cache,22 W 39th St,2015-01-12 01:18:03.743446,2015-01-23 16:53:12.819711,3473856745,http://s3-media3.fl.yelpcdn.com/bphoto/8kj2JAGbdBUcFMnkX8wpUQ/ms.jpg,,Midtown West,40.7520623,-73.9835542,4.0,club-cache-new-york,Dance Clubs,1,,club-cache
1824,Queen of Hearts,West 38th St,2015-01-12 01:18:03.758421,2015-01-23 16:53:12.835058,2129879200,http://s3-media1.fl.yelpcdn.com/bphoto/aidIeh6Za1m1s6codi8gvw/ms.jpg,,Midtown West,40.752168,-73.985584,1.5,queen-of-hearts-new-york,Dance Clubs,1,,queen-of-hearts
1826,Status Quo Ante Lounge Restaurant,2524 Coney Island Ave,2015-01-12 01:18:03.767045,2015-01-23 16:53:12.848055,7189988811,http://s3-media1.fl.yelpcdn.com/bphoto/m_IQS8rnSxTfIQ5Ug5bfiQ/ms.jpg,,Gravesend,40.595219,-73.961342,3.5,status-quo-ante-lounge-restaurant-brooklyn,Bars,9,,status-quo-ante-lounge-restaurant
1827,Radio City Music Hall,1260 6Th Avenue,2015-01-12 01:18:03.771695,2015-01-23 16:53:12.858356,2122474777,http://s3-media3.fl.yelpcdn.com/bphoto/RLvFJGRpmUjIGUZsO2A0Ng/ms.jpg,,Theater District,40.759529,-73.978584,4.5,radio-city-music-hall-new-york-2,Music Venues,4,,radio-city-music-hall
1831,Raven Lounge,55 Gansevoort St,2015-01-12 01:18:03.809186,2015-01-23 16:53:12.874368,8888836054,http://s3-media1.fl.yelpcdn.com/bphoto/T7HdkbE6TFHZIDjFhlLSZw/ms.jpg,,Meatpacking District,40.7395172,-74.0070419,2.0,raven-lounge-new-york-2,Dance Clubs,12,,raven-lounge
1835,Recoup Lounge,210 Rivington St,2015-01-12 01:18:03.829168,2015-01-23 16:53:12.888608,6463441504,http://s3-media1.fl.yelpcdn.com/bphoto/1jaRPTF1WYUW2l4dNY-bpw/ms.jpg,,Lower East Side,40.718491,-73.982666,1.5,recoup-lounge-manhattan,Music Venues,3,,recoup-lounge
1838,Red Velvet Lounge,174 Rivington St,2015-01-12 01:18:03.84454,2015-01-23 16:53:12.903411,2122602220,http://s3-media4.fl.yelpcdn.com/bphoto/-opNQcaAjWkw2WQspDcl1w/ms.jpg,,Lower East Side,40.719101,-73.984428,3.0,red-velvet-lounge-new-york,Lounges,3,,red-velvet-lounge
1840,Rehab,25 Ave B,2015-01-12 01:18:03.853899,2015-01-23 16:53:12.919501,2122532595,http://s3-media1.fl.yelpcdn.com/bphoto/gTEDYMGSMajjgx_TQwTsbg/ms.jpg,,East Village,40.722229,-73.983009,3.5,rehab-new-york-2,Music Venues,6,,rehab
1849,Rooftop 760,760 8th Ave,2015-01-12 01:18:03.898956,2015-01-23 16:53:12.946814,2122212672,http://s3-media4.fl.yelpcdn.com/bphoto/7o50RI_WJwIC9LLb3Y9tkg/ms.jpg,,Theater District,40.7602259,-73.987058,2.5,rooftop-760-new-york,Dance Clubs,4,,rooftop-760
1854,Rosewood Nightclub,5 E 19th St,2015-01-12 01:18:03.919967,2015-01-23 16:53:12.970449,6464026322,http://s3-media3.fl.yelpcdn.com/bphoto/6adUg7dAYW32XTKrk602yA/ms.jpg,,Flatiron,40.7390238,-73.9906407,1.5,rosewood-nightclub-new-york,Pubs,13,,rosewood-nightclub
1855,Forty Four,44 W 44th St,2015-01-12 01:18:03.923952,2015-01-23 16:53:12.983762,2129448844,http://s3-media1.fl.yelpcdn.com/bphoto/QGfm-g5ukD7JMvpUwr3rzg/ms.jpg,,Midtown West,40.7557911334491,-73.9821337306885,3.5,forty-four-new-york,Lounges,1,,forty-four
1860,Santos Party House,96 Lafayette St,2015-01-12 01:18:03.95149,2015-01-23 16:53:13.00232,2125845492,http://s3-media1.fl.yelpcdn.com/bphoto/D3HSPbYdm70HzkWYuJP71w/ms.jpg,,Chinatown,40.7176628,-74.0014267,3.0,santos-party-house-new-york,Dance Clubs,50,,santos-party-house
1865,Shadow Lounge,2085 Coney Island Ave,2015-01-12 01:18:03.974469,2015-01-23 16:53:13.019351,9179334555,http://s3-media1.fl.yelpcdn.com/bphoto/DU6J9qJEYnID2qKhs0yvwg/ms.jpg,,Midwood,40.606336,-73.961435,4.5,shadow-lounge-brooklyn,Lounges,55,,shadow-lounge
1870,The SKINnY Bar & Lounge,174 Orchard St,2015-01-12 01:18:03.996077,2015-01-23 16:53:13.043143,2122283668,http://s3-media3.fl.yelpcdn.com/bphoto/n36QeeZZuzbFbwMzNVNi7w/ms.jpg,,Lower East Side,40.721542,-73.98819,3.5,the-skinny-bar-and-lounge-new-york,Lounges,3,,the-skinny-bar-&-lounge
1872,Slake,251 W 30th St,2015-01-12 01:18:04.007282,2015-01-23 16:53:13.06011,2126958970,http://s3-media2.fl.yelpcdn.com/bphoto/LE6JmPB_vToPobEtYmAuZA/ms.jpg,,Midtown West,40.7492248432909,-73.9938545903193,3.0,slake-new-york,Dance Clubs,1,,slake
1875,SOB's,204 Varick St,2015-01-12 01:18:04.023182,2015-01-23 16:53:13.078323,2122434940,http://s3-media2.fl.yelpcdn.com/bphoto/9nVtBmOEsWbbUt-GLfhyLg/ms.jpg,,South Village,40.7283821,-74.0051727,3.5,sobs-new-york-2,Music Venues,16,,sob's
1877,Soho Grand Hotel,310 W Broadway,2015-01-12 01:18:04.033652,2015-01-23 16:53:13.098334,2129653000,http://s3-media3.fl.yelpcdn.com/bphoto/kX3FvB3ORgPT8978bxh8PA/ms.jpg,,TriBeCa,40.721714,-74.0045242,3.5,soho-grand-hotel-new-york,Hotels,17,,soho-grand-hotel
1890,Stage 48,605 W 48th St,2015-01-12 01:18:04.091016,2015-01-23 16:53:13.146712,2129571800,http://s3-media2.fl.yelpcdn.com/bphoto/-zEPrRtD8a6ciV5foVl-rQ/ms.jpg,,Hell's Kitchen,40.765076,-73.995987,3.0,stage-48-new-york,Dance Clubs,20,,stage-48
1892,The Elsinore,17 Stanton St,2015-01-12 01:18:04.099119,2015-01-23 16:53:13.162432,2125174065,http://s3-media2.fl.yelpcdn.com/bphoto/zZDFuduhnosfDmN31aAkPg/ms.jpg,,Lower East Side,40.722401,-73.992149,3.5,the-elsinore-new-york-2,Dance Clubs,3,,the-elsinore
1893,"The Ritz-Carlton New York, Central Park",50 Central Park South,2015-01-12 01:18:04.10387,2015-01-23 16:53:13.186314,2123089100,http://s3-media4.fl.yelpcdn.com/bphoto/jqTSCLwsEpPsfalNbbVvbA/ms.jpg,,Midtown West,40.765339,-73.976021,4.5,the-ritz-carlton-new-york-central-park-new-york,Hotels,1,,"the-ritz-carlton-new-york,-central-park"
1899,Southside,2 Cleveland Pl,2015-01-12 01:18:04.137632,2015-01-23 16:53:13.202301,2126805601,http://s3-media4.fl.yelpcdn.com/bphoto/XCZqHsTClAq-B5S97_Eanw/ms.jpg,,Little Italy,40.7209056615829,-73.9976654201746,2.5,southside-new-york-3,Lounges,53,,southside
1901,Sullivan Hall,214 Sullivan St,2015-01-12 01:18:04.148512,2015-01-23 16:53:13.209411,2126340427,http://s3-media3.fl.yelpcdn.com/bphoto/ejTfJC0M8Mp3jMV3kuqPIA/ms.jpg,,Greenwich Village,40.7294693,-74.0001831,3.0,sullivan-hall-new-york,Music Venues,2,,sullivan-hall
1903,Suzie Wong,547 W 27th St,2015-01-12 01:18:04.162707,2015-01-23 16:53:13.217074,2122685105,http://s3-media1.fl.yelpcdn.com/bphoto/dt-zvZ_DyqNmodDKz0OsbQ/ms.jpg,,Chelsea,40.7513809,-74.0043182,2.0,suzie-wong-new-york,Lounges,11,,suzie-wong
1905,System Dance Club,32-10 37th Ave,2015-01-12 01:18:04.173966,2015-01-23 16:53:13.227493,7183618155,http://s3-media4.fl.yelpcdn.com/bphoto/753d6Q4cDPbouxPE_lCAOQ/ms.jpg,,Long Island City,40.7541389,-73.9301529,2.0,system-dance-club-long-island-city,Dance Clubs,27,,system-dance-club
1907,Taj Lounge,48 W 21st St,2015-01-12 01:18:04.182524,2015-01-23 16:53:13.240825,2126203033,http://s3-media3.fl.yelpcdn.com/bphoto/Ab7aG0U-0NZuoV9AEuMwcA/ms.jpg,,Chelsea,40.743876,-73.992949,3.0,taj-lounge-new-york,Lounges,11,,taj-lounge
1908,Tammany Hall,152 Orchard St,2015-01-12 01:18:04.18681,2015-01-23 16:53:13.254825,2122287556,http://s3-media2.fl.yelpcdn.com/bphoto/2jI6VGNAvY2kS12mOiq7Pg/ms.jpg,,Lower East Side,40.720746,-73.988684,3.0,tammany-hall-new-york,Music Venues,3,,tammany-hall
1910,The Tank,151 W 46th St,2015-01-12 01:18:04.201143,2015-01-23 16:53:13.270234,2125636269,http://s3-media2.fl.yelpcdn.com/bphoto/IE00n061Tm6wwWVLtROD6A/ms.jpg,,Theater District,40.758415,-73.984077,4.5,the-tank-new-york,Music Venues,4,,the-tank
1912,TBA Brooklyn,395 Wythe Ave,2015-01-12 01:18:04.210267,2015-01-23 16:53:13.280528,3475294429,http://s3-media4.fl.yelpcdn.com/bphoto/nD1BD1b4vNrr68x-g0HaOA/ms.jpg,,South Williamsburg,40.711256,-73.9663559,3.5,tba-brooklyn-new-york,Dance Clubs,5,,tba-brooklyn
1914,Tenjune,26 Little W 12th St,2015-01-12 01:18:04.219326,2015-01-23 16:53:13.291188,6466242410,http://s3-media2.fl.yelpcdn.com/bphoto/yjTcQMsqahvtzo4PpxmNaQ/ms.jpg,,Meatpacking District,40.7399559,-74.0075073,2.5,tenjune-new-york,Dance Clubs,12,,tenjune
1922,Tokya,40 E 58th St,2015-01-12 01:18:04.261985,2015-01-23 16:53:13.295927,2123086888,http://s3-media2.fl.yelpcdn.com/bphoto/SOfzfBK3-EThIDc-QSTUnw/ms.jpg,,Midtown East,40.7626877,-73.9715881,3.0,tokya-new-york,Dance Clubs,14,,tokya
1925,Town Hall,123 W 43rd St,2015-01-12 01:18:04.274378,2015-01-23 16:53:13.318335,2128402824,http://s3-media4.fl.yelpcdn.com/bphoto/YUCv_qaAHko-WgeLkOkgKQ/ms.jpg,,Theater District,40.7560616,-73.984581,4.0,town-hall-new-york,Music Venues,4,,town-hall
1928,Tribeca Grand Hotel,2 Ave of the Americas,2015-01-12 01:18:04.287203,2015-01-23 16:53:13.334163,2125196600,http://s3-media1.fl.yelpcdn.com/bphoto/M61d2kG6PQid2QkoCckkxg/ms.jpg,,TriBeCa,40.71936,-74.004837,3.5,tribeca-grand-hotel-new-york,Hotels,17,,tribeca-grand-hotel
1933,Uncle Mike's,57 Murray St,2015-01-12 01:18:04.308796,2015-01-23 16:53:13.366184,2127919676,http://s3-media4.fl.yelpcdn.com/bphoto/Uz9r9ExgOw5fTwCpYiv_EA/ms.jpg,,TriBeCa,40.7145309,-74.0096817,3.0,uncle-mikes-new-york,Music Venues,17,,uncle-mike's
1935,Up & Down,244 W 14th S,2015-01-12 01:18:04.326399,2015-01-23 16:53:13.374209,2122424411,http://s3-media4.fl.yelpcdn.com/bphoto/skzIkaMmTPbFZ4FWKR5CoQ/ms.jpg,,West Village,40.739202,-74.001981,1.5,up-and-down-new-york,Dance Clubs,31,,up-&-down
1936,The Vault,225 E Houston St,2015-01-12 01:18:04.330594,2015-01-23 16:53:13.385492,2122542200,http://s3-media2.fl.yelpcdn.com/bphoto/Aicv6D3iaGqTzBnJHDayrw/ms.jpg,,Lower East Side,40.7220802,-73.9865952,4.0,the-vault-new-york,Dance Clubs,3,,the-vault
1939,Verboten,54 N 11th St,2015-01-12 01:18:04.344473,2015-01-23 16:53:13.396841,3472234732,http://s3-media2.fl.yelpcdn.com/bphoto/Ngr012gbE9fwDGhXWJDBFw/ms.jpg,,Williamsburg - North Side,40.7221453253465,-73.9592037188383,3.5,verboten-williamsburg,Music Venues,7,,verboten
1941,Viktor & Spoils,105 Rivington St,2015-01-12 01:18:04.352664,2015-01-23 16:53:13.41509,2124753485,http://s3-media1.fl.yelpcdn.com/bphoto/F8Akwd8ofs5Bv8TWdUGqMQ/ms.jpg,,Lower East Side,40.719799,-73.9882126,3.0,viktor-and-spoils-new-york,Bars,3,,viktor-&-spoils
1945,W New York - Downtown,123 Washington Street,2015-01-12 01:18:04.380082,2015-01-23 16:53:13.434411,6468268600,http://s3-media4.fl.yelpcdn.com/bphoto/0IFdM8J63rp3_K59iIWSlw/ms.jpg,,Financial District,40.7096913084312,-74.0143610373649,3.5,w-new-york-downtown-new-york,Hotels,35,,w-new-york---downtown
1949,The Theater At Madison Square Garden,7th Ave & 32nd St,2015-01-12 01:18:04.459034,2015-01-23 16:53:13.449656,,http://s3-media3.fl.yelpcdn.com/bphoto/kT7H9mgHSllgRBnBXiZ7Lw/ms.jpg,,Midtown West,40.7496998459101,-73.9915600419044,3.5,the-theater-at-madison-square-garden-new-york,Music Venues,1,,the-theater-at-madison-square-garden
1951,Webster Hall,125 E 11th St,2015-01-12 01:18:04.468375,2015-01-23 16:53:13.461743,2123531600,http://s3-media3.fl.yelpcdn.com/bphoto/d-vkGWgcjfCmryJ8hTzTNw/ms.jpg,,East Village,40.7316609,-73.9891926,2.5,webster-hall-new-york,Music Venues,6,,webster-hall
1960,Wicked Willy's,149 Bleecker St,2015-01-12 01:18:04.508521,2015-01-23 16:53:13.478224,2122548592,http://s3-media2.fl.yelpcdn.com/bphoto/du74BcqLYwEJQZAAbH6h0w/ms.jpg,,Greenwich Village,40.7284508,-73.9992294,3.5,wicked-willys-new-york,Music Venues,2,,wicked-willy's
1585,Crash Mansion,199 Bowery,2015-01-12 01:18:02.54949,2015-01-23 16:53:13.494221,2129827767,http://s3-media1.fl.yelpcdn.com/bphoto/AfBuUG2OKZW0ciNlBCe_1Q/ms.jpg,,Lower East Side,40.7210007,-73.9934769,3.0,crash-mansion-new-york-2,Music Venues,3,,crash-mansion
1588,Raines Law Room,48 W 17th St,2015-01-12 01:18:02.561688,2015-01-23 16:53:13.510193,,http://s3-media3.fl.yelpcdn.com/bphoto/EYb8vcrQvuFgsc5PVWs3GQ/ms.jpg,,Flatiron,40.738686,-73.994614,4.5,raines-law-room-new-york,Lounges,13,,raines-law-room
1593,The Delancey,168 Delancey St,2015-01-12 01:18:02.581892,2015-01-23 16:53:13.526179,2122549920,http://s3-media1.fl.yelpcdn.com/bphoto/fKdXBdKVr1Pzj0uUsePdZQ/ms.jpg,,Lower East Side,40.7180214,-73.9852676,3.0,the-delancey-new-york,Dance Clubs,3,,the-delancey
1640,Governors Beach Club,1 Carder Rd,2015-01-12 01:18:02.796894,2015-01-23 16:53:13.540695,2128964600,http://s3-media2.fl.yelpcdn.com/bphoto/R1jTOAEY_S7aF0kj2i2CxA/ms.jpg,,,40.693134,-74.015497,3.0,governors-beach-club-new-york,Bars,,,governors-beach-club
1966,XL Nightclub,512 W 42nd St,2015-01-12 01:18:04.537142,2015-01-23 16:53:13.558255,2122392999,http://s3-media4.fl.yelpcdn.com/bphoto/9TFaEiLuvW-Aes2DiiStSw/ms.jpg,,Hell's Kitchen,40.7597466,-73.9961014,2.5,xl-nightclub-new-york,Dance Clubs,20,,xl-nightclub
1970,Zamaan Hookah Bar and Restaurant,349 Broadway,2015-01-12 01:18:04.564241,2015-01-23 16:53:13.587256,7185997979,http://s3-media3.fl.yelpcdn.com/bphoto/qyxsHF-LHKCs5_p2j_3aGg/ms.jpg,,South Williamsburg,40.7079201,-73.9557419,3.5,zamaan-hookah-bar-and-restaurant-brooklyn,Lounges,5,,zamaan-hookah-bar-and-restaurant
1971,Zaman Hookah Cafe Lounge,2585 Steinway St,2015-01-12 01:18:04.568408,2015-01-23 16:53:13.606278,,http://s3-media4.fl.yelpcdn.com/bphoto/mQuJsBj8VnfsMZxBSwsjiA/ms.jpg,,Astoria,40.7658,-73.913094,3.0,zaman-hookah-cafe-lounge-astoria,Hookah Bars,33,,zaman-hookah-cafe-lounge
1596,The DL,95 Delancy St,2015-01-12 01:18:02.594996,2015-01-23 16:53:13.638284,2122280909,http://s3-media2.fl.yelpcdn.com/bphoto/im3kGg9bUtx-RE8Yd9lEOA/ms.jpg,,Lower East Side,40.7185783,-73.9893799,2.5,the-dl-new-york,Bars,3,,the-dl
1599,D'Or,204 W 55th St,2015-01-12 01:18:02.607147,2015-01-23 16:53:13.652978,2122457715,http://s3-media1.fl.yelpcdn.com/bphoto/8pUTU1I_AjJW_FlIQ_VcKg/ms.jpg,,Theater District,40.7633487044535,-73.9821910858154,3.0,d-or-new-york-2,Lounges,4,,d'or
1601,Downhouse Lounge and Restaurant,250 Ave X,2015-01-12 01:18:02.615696,2015-01-23 16:53:13.669444,7186273200,http://s3-media1.fl.yelpcdn.com/bphoto/VECqTahMKB_ZoCAN-fJn6g/ms.jpg,,Gravesend,40.589928,-73.973747,2.5,downhouse-lounge-and-restaurant-brooklyn,Lounges,9,,downhouse-lounge-and-restaurant
1605,East River Bar,97 S 6th St,2015-01-12 01:18:02.64005,2015-01-23 16:53:13.692903,7183020511,http://s3-media3.fl.yelpcdn.com/bphoto/QW_uH8kwSr4zq4G2ECjHbg/ms.jpg,,South Williamsburg,40.7109413,-73.964653,3.5,east-river-bar-brooklyn,Pubs,5,,east-river-bar
1607,East River Amphitheatre,Cherry St and FDR,2015-01-12 01:18:02.648596,2015-01-23 16:53:13.712351,,http://s3-media2.fl.yelpcdn.com/bphoto/PmCrvq660R_LGXFTOcxV3g/ms.jpg,,Lower East Side,40.7123946303456,-73.9780105255917,4.5,east-river-amphitheatre-new-york,Music Venues,3,,east-river-amphitheatre
1610,Element,225 E Houston St,2015-01-12 01:18:02.66127,2015-01-23 16:53:13.73038,2122542200,http://s3-media1.fl.yelpcdn.com/bphoto/tyIL_FXKgpkUfC3VrdDfLQ/ms.jpg,,Lower East Side,40.7220802,-73.9865952,3.0,element-new-york-3,Dance Clubs,3,,element
1613,Enid's,560 Manhattan Ave,2015-01-12 01:18:02.674901,2015-01-23 16:53:13.754617,7183493859,http://s3-media1.fl.yelpcdn.com/bphoto/C7Hj_dxUYdP-qCYFDpJTXQ/ms.jpg,,Greenpoint,40.722592,-73.949792,3.5,enids-brooklyn,Bars,32,,enid's
1617,Fat Buddha,212 Ave A,2015-01-12 01:18:02.69476,2015-01-23 16:53:13.770333,2125980500,http://s3-media3.fl.yelpcdn.com/bphoto/2vLo-15XV9oZIZac76ggKg/ms.jpg,,East Village,40.7298380881548,-73.980712518096,4.0,fat-buddha-new-york,Bars,6,,fat-buddha
1622,Fontana's,105 Eldridge St,2015-01-12 01:18:02.716226,2015-01-23 16:53:13.778689,2123346740,http://s3-media3.fl.yelpcdn.com/bphoto/MtGDurSHTX1BDt8dOvBE8A/ms.jpg,,Lower East Side,40.7181015,-73.9922791,3.5,fontanas-new-york,Bars,3,,fontana's
1629,Le Poisson Rouge,158 Bleecker St,2015-01-12 01:18:02.746405,2015-01-23 16:53:13.793418,2125053474,http://s3-media1.fl.yelpcdn.com/bphoto/kXdSG_iJz95T_lzljLf_fg/ms.jpg,,Greenwich Village,40.7284849137068,-73.9999332278967,3.0,le-poisson-rouge-new-york,Music Venues,2,,le-poisson-rouge
1638,Good Room,98 Meserole Ave,2015-01-12 01:18:02.788116,2015-01-23 16:53:13.810556,7183492373,http://s3-media4.fl.yelpcdn.com/bphoto/9-0pP7b_LQi4wri_tdi-kQ/ms.jpg,,Greenpoint,40.7269211858511,-73.9530435204506,4.5,good-room-greenpoint,Dance Clubs,32,,good-room
1643,The Graham,151 Meserole St,2015-01-12 01:18:02.810835,2015-01-23 16:53:13.816831,7183884682,http://s3-media3.fl.yelpcdn.com/bphoto/q2mumtM5odANi5chbosiEQ/ms.jpg,,East Williamsburg,40.708241,-73.943146,3.5,the-graham-new-york,Music Venues,21,,the-graham
1662,Highline Ballroom,431 W 16th St,2015-01-12 01:18:02.925156,2015-01-23 16:53:13.83429,2124145994,http://s3-media3.fl.yelpcdn.com/bphoto/hJ0h5UcpBscr_7NgwOm04g/ms.jpg,,Chelsea,40.7430686950684,-74.0057144165039,3.0,highline-ballroom-new-york,Music Venues,11,,highline-ballroom
1663,HK Lounge,405 W 39th St,2015-01-12 01:18:02.92974,2015-01-23 16:53:13.848264,2129474208,http://s3-media4.fl.yelpcdn.com/bphoto/kiyQRSAKM-ek_LKMPxvPbw/ms.jpg,,Hell's Kitchen,40.756847,-73.994324,2.5,hk-lounge-new-york,Lounges,20,,hk-lounge
1665,Hope Lounge,10 Hope St,2015-01-12 01:18:02.938055,2015-01-23 16:53:13.875615,,http://s3-media2.fl.yelpcdn.com/bphoto/Mgz7sSFlA3_62en6eB9Ehw/ms.jpg,,Williamsburg - North Side,40.713585,-73.957565,3.5,hope-lounge-brooklyn,Lounges,7,,hope-lounge
1666,Hotel Chantelle,92 Ludlow St,2015-01-12 01:18:02.942532,2015-01-23 16:53:13.894222,2122549100,http://s3-media1.fl.yelpcdn.com/bphoto/VA3Ni-s1fWg1EH_LiuPXNA/ms.jpg,,Lower East Side,40.718384,-73.988953,3.0,hotel-chantelle-new-york,Bars,3,,hotel-chantelle
1667,CO-OP Food & Drink,107 Rivington St,2015-01-12 01:18:02.946698,2015-01-23 16:53:13.906139,2127968040,http://s3-media1.fl.yelpcdn.com/bphoto/b0vzZno2UiLJeA01NS4rfA/ms.jpg,,Lower East Side,40.719761,-73.988091,3.0,co-op-food-and-drink-new-york-2,Lounges,3,,co-op-food-&-drink
1669,Library Bar at Hudson,Hudson Hotel,2015-01-12 01:18:02.955444,2015-01-23 16:53:13.920799,2125546000,http://s3-media1.fl.yelpcdn.com/bphoto/zwgVHo44plyDQj88P9uYyw/ms.jpg,,Hell's Kitchen,40.7683154001822,-73.9848228988891,4.0,library-bar-at-hudson-new-york,Lounges,20,,library-bar-at-hudson
1963,World Bar,845 United Nations Plz,2015-01-12 01:18:04.5223,2015-01-23 16:53:13.936018,2129359361,http://s3-media2.fl.yelpcdn.com/bphoto/yAvWNknct3UuVkslr49fQA/ms.jpg,,Midtown East,40.75259,-73.967552,3.0,world-bar-new-york,Lounges,14,,world-bar
1670,Hudson Hotel,356 W 58th St,2015-01-12 01:18:02.959913,2015-01-23 16:53:13.954339,2125546000,http://s3-media2.fl.yelpcdn.com/bphoto/4XEpnlUBQRO0ZiiTUJO-EQ/ms.jpg,,Hell's Kitchen,40.7680535316467,-73.9840344339609,3.0,hudson-hotel-new-york,Hotels,20,,hudson-hotel
1672,Hudson Terrace,621 W 46th St,2015-01-12 01:18:02.975661,2015-01-23 16:53:13.96753,2123159400,http://s3-media3.fl.yelpcdn.com/bphoto/QTPuLh7Kud5T7WksfQYZWg/ms.jpg,,Hell's Kitchen,40.764057,-73.997543,2.0,hudson-terrace-new-york,Lounges,20,,hudson-terrace
1675,Identity,511 E 6th St,2015-01-12 01:18:02.987924,2015-01-23 16:53:13.983167,2129958889,http://s3-media2.fl.yelpcdn.com/bphoto/b6lf1n-kUJa_jLGoV-nvSg/ms.jpg,,East Village,40.725342,-73.983101,3.0,identity-new-york-2,Lounges,6,,identity
1680,Issue Project Room,22 Boerum Pl,2015-01-12 01:18:03.057301,2015-01-23 16:53:14.002321,7183300313,http://s3-media1.fl.yelpcdn.com/bphoto/2Q-xwe6OS2JubBOqEBxr-Q/ms.jpg,,Brooklyn Heights,40.6908645229398,-73.9897763729095,4.5,issue-project-room-brooklyn,Music Venues,56,,issue-project-room
1683,Jelani Lounge,507 Waverly Ave,2015-01-12 01:18:03.075514,2015-01-23 16:53:14.01431,7182305227,http://s3-media4.fl.yelpcdn.com/bphoto/-0zEEaDFIjABtPQni0XlHA/ms.jpg,,Clinton Hill,40.6829758733511,-73.9657659083605,3.0,jelani-lounge-brooklyn,Lounges,54,,jelani-lounge
1688,Kabin,92 2nd Ave,2015-01-12 01:18:03.096437,2015-01-23 16:53:14.030358,2122540204,http://s3-media3.fl.yelpcdn.com/bphoto/RuIcf9Jqzdz5HrLXAquNZw/ms.jpg,,East Village,40.7268982,-73.9884872,2.5,kabin-new-york,Bars,6,,kabin
1690,Katra,217 Bowery St,2015-01-12 01:18:03.105369,2015-01-23 16:53:14.043615,2124733113,http://s3-media4.fl.yelpcdn.com/bphoto/jr49YgWC6To2uwhTMTxwnw/ms.jpg,,Lower East Side,40.7216797,-73.9931107,2.5,katra-new-york,Lounges,3,,katra
1696,King's Cross,356 Bowery,2015-01-12 01:18:03.130046,2015-01-23 16:53:14.067361,2123881655,http://s3-media2.fl.yelpcdn.com/bphoto/6GoO-ca4j_uLboqbzfCn9Q/ms.jpg,,NoHo,40.7269660662905,-73.9919328689575,3.0,kings-cross-new-york,Pubs,38,,king's-cross
1734,LQ,511 Lexington Ave,2015-01-12 01:18:03.314472,2015-01-23 16:53:14.082938,2125937575,http://s3-media2.fl.yelpcdn.com/bphoto/9cLT20WEE2xMp1R4FTNSDA/ms.jpg,,Midtown East,40.7549095,-73.9733124,2.0,lq-new-york,Dance Clubs,14,,lq
1488,Ward III,111 Reade St,2015-01-12 01:18:02.046786,2015-01-23 16:53:14.098282,2122409194,http://s3-media1.fl.yelpcdn.com/bphoto/9v3thNtGY7O0ZiqMLtqX5g/ms.jpg,,TriBeCa,40.7157402,-74.0086899,4.0,ward-iii-new-york,Lounges,17,,ward-iii
